Port,Good Category,Trade Volume (Metric Tons),Trade Year,Country,Annual Capacity (Metric Tons),Infrastructure Quality (1-10),Proximity to Trade Hubs (1-10),Political Stability (1-10),Customs Efficiency (1-10),Infrastructure Quality (1-10) Norm,Proximity to Trade Hubs (1-10) Norm,Political Stability (1-10) Norm,Customs Efficiency (1-10) Norm,Risk Score,Year,Fuel Cost (USD per Metric Ton),Operational Cost
Alexandria,Raw Materials,7529.0,2003,Egypt,200000,8,9,7,8,0.8,0.9,0.7,0.8,0.20999999999999996,2003,470.8793135127374,3545.2503514374
Alexandria,Manufactured Goods,8910.0,2003,Egypt,200000,8,9,7,8,0.8,0.9,0.7,0.8,0.20999999999999996,2003,470.8793135127374,4195.5346833984895
Alexandria,Perishables,5568.0,2003,Egypt,200000,8,9,7,8,0.8,0.9,0.7,0.8,0.20999999999999996,2003,470.8793135127374,2621.856017638922
Alexandria,Machinery,9905.0,2003,Egypt,200000,8,9,7,8,0.8,0.9,0.7,0.8,0.20999999999999996,2003,470.8793135127374,4664.059600343664
Alexandria,Others,3327.0,2003,Egypt,200000,8,9,7,8,0.8,0.9,0.7,0.8,0.20999999999999996,2003,470.8793135127374,1566.6154760568772
Damietta,Raw Materials,4626.0,2003,Egypt,180000,7,8,7,7,0.7,0.8,0.7,0.7,0.28,2003,470.8793135127374,2178.287704309923
Damietta,Manufactured Goods,4453.0,2003,Egypt,180000,7,8,7,7,0.7,0.8,0.7,0.7,0.28,2003,470.8793135127374,2096.8255830722196
Damietta,Perishables,4674.0,2003,Egypt,180000,7,8,7,7,0.7,0.8,0.7,0.7,0.28,2003,470.8793135127374,2200.8899113585344
Damietta,Machinery,5806.0,2003,Egypt,180000,7,8,7,7,0.7,0.8,0.7,0.7,0.28,2003,470.8793135127374,2733.925294254953
Damietta,Others,2283.0,2003,Egypt,180000,7,8,7,7,0.7,0.8,0.7,0.7,0.28,2003,470.8793135127374,1075.0174727495794
Port Said,Raw Materials,8399.0,2003,Egypt,220000,9,9,8,9,0.9,0.9,0.8,0.9,0.1299999999999999,2003,470.8793135127374,3954.915354193481
Port Said,Manufactured Goods,6773.0,2003,Egypt,220000,9,9,8,9,0.9,0.9,0.8,0.9,0.1299999999999999,2003,470.8793135127374,3189.2655904217704
Port Said,Perishables,9812.0,2003,Egypt,220000,9,9,8,9,0.9,0.9,0.8,0.9,0.1299999999999999,2003,470.8793135127374,4620.267824186979
Port Said,Machinery,9652.0,2003,Egypt,220000,9,9,8,9,0.9,0.9,0.8,0.9,0.1299999999999999,2003,470.8793135127374,4544.927134024942
Port Said,Others,550.0,2003,Egypt,220000,9,9,8,9,0.9,0.9,0.8,0.9,0.1299999999999999,2003,470.8793135127374,258.9836224320056
Tripoli,Raw Materials,9322.0,2003,Libya,150000,6,6,4,5,0.6,0.6,0.4,0.5,0.48,2003,470.8793135127374,4389.536960565738
Tripoli,Manufactured Goods,4519.0,2003,Libya,150000,6,6,4,5,0.6,0.6,0.4,0.5,0.48,2003,470.8793135127374,2127.9036177640605
Tripoli,Perishables,3754.0,2003,Libya,150000,6,6,4,5,0.6,0.6,0.4,0.5,0.48,2003,470.8793135127374,1767.6809429268162
Tripoli,Machinery,4471.0,2003,Libya,150000,6,6,4,5,0.6,0.6,0.4,0.5,0.48,2003,470.8793135127374,2105.3014107154486
Tripoli,Others,7290.0,2003,Libya,150000,6,6,4,5,0.6,0.6,0.4,0.5,0.48,2003,470.8793135127374,3432.7101955078556
Benghazi,Raw Materials,4507.0,2003,Libya,160000,5,7,5,6,0.5,0.7,0.5,0.6,0.44000000000000006,2003,470.8793135127374,2122.2530660019074
Benghazi,Manufactured Goods,5589.0,2003,Libya,160000,5,7,5,6,0.5,0.7,0.5,0.6,0.44000000000000006,2003,470.8793135127374,2631.744483222689
Benghazi,Perishables,2943.0,2003,Libya,160000,5,7,5,6,0.5,0.7,0.5,0.6,0.44000000000000006,2003,470.8793135127374,1385.7978196679862
Benghazi,Machinery,8806.0,2003,Libya,160000,5,7,5,6,0.5,0.7,0.5,0.6,0.44000000000000006,2003,470.8793135127374,4146.563234793165
Benghazi,Others,3510.0,2003,Libya,160000,5,7,5,6,0.5,0.7,0.5,0.6,0.44000000000000006,2003,470.8793135127374,1652.7863904297083
Misurata,Raw Materials,3659.0,2003,Libya,140000,5,6,4,5,0.5,0.6,0.4,0.5,0.51,2003,470.8793135127374,1722.9474081431063
Misurata,Manufactured Goods,1472.0,2003,Libya,140000,5,6,4,5,0.5,0.6,0.4,0.5,0.51,2003,470.8793135127374,693.1343494907494
Misurata,Perishables,9343.0,2003,Libya,140000,5,6,4,5,0.5,0.6,0.4,0.5,0.51,2003,470.8793135127374,4399.425426149505
Misurata,Machinery,2589.0,2003,Libya,140000,5,6,4,5,0.5,0.6,0.4,0.5,0.51,2003,470.8793135127374,1219.106542684477
Misurata,Others,785.0,2003,Libya,140000,5,6,4,5,0.5,0.6,0.4,0.5,0.51,2003,470.8793135127374,369.6402611074988
Alexandria,Raw Materials,7925.0,2004,Egypt,200000,8,9,7,8,0.8,0.9,0.7,0.8,0.20999999999999996,2004,535.0613597649477,4240.361276137211
Alexandria,Manufactured Goods,3980.0,2004,Egypt,200000,8,9,7,8,0.8,0.9,0.7,0.8,0.20999999999999996,2004,535.0613597649477,2129.544211864492
Alexandria,Perishables,7650.0,2004,Egypt,200000,8,9,7,8,0.8,0.9,0.7,0.8,0.20999999999999996,2004,535.0613597649477,4093.21940220185
Alexandria,Machinery,7226.0,2004,Egypt,200000,8,9,7,8,0.8,0.9,0.7,0.8,0.20999999999999996,2004,535.0613597649477,3866.353385661512
Alexandria,Others,1717.0,2004,Egypt,200000,8,9,7,8,0.8,0.9,0.7,0.8,0.20999999999999996,2004,535.0613597649477,918.7003547164153
Damietta,Raw Materials,3091.0,2004,Egypt,180000,7,8,7,7,0.7,0.8,0.7,0.7,0.28,2004,535.0613597649477,1653.8746630334535
Damietta,Manufactured Goods,1582.0,2004,Egypt,180000,7,8,7,7,0.7,0.8,0.7,0.7,0.28,2004,535.0613597649477,846.4670711481474
Damietta,Perishables,3016.0,2004,Egypt,180000,7,8,7,7,0.7,0.8,0.7,0.7,0.28,2004,535.0613597649477,1613.7450610510823
Damietta,Machinery,8646.0,2004,Egypt,180000,7,8,7,7,0.7,0.8,0.7,0.7,0.28,2004,535.0613597649477,4626.140516527738
Damietta,Others,5394.0,2004,Egypt,180000,7,8,7,7,0.7,0.8,0.7,0.7,0.28,2004,535.0613597649477,2886.120974572128
Port Said,Raw Materials,4029.0,2004,Egypt,220000,9,9,8,9,0.9,0.9,0.8,0.9,0.1299999999999999,2004,535.0613597649477,2155.7622184929746
Port Said,Manufactured Goods,3873.0,2004,Egypt,220000,9,9,8,9,0.9,0.9,0.8,0.9,0.1299999999999999,2004,535.0613597649477,2072.2926463696426
Port Said,Perishables,8660.0,2004,Egypt,220000,9,9,8,9,0.9,0.9,0.8,0.9,0.1299999999999999,2004,535.0613597649477,4633.631375564448
Port Said,Machinery,5388.0,2004,Egypt,220000,9,9,8,9,0.9,0.9,0.8,0.9,0.1299999999999999,2004,535.0613597649477,2882.9106064135385
Port Said,Others,2424.0,2004,Egypt,220000,9,9,8,9,0.9,0.9,0.8,0.9,0.1299999999999999,2004,535.0613597649477,1296.9887360702335
Tripoli,Raw Materials,5944.0,2004,Libya,150000,6,6,4,5,0.6,0.6,0.4,0.5,0.48,2004,535.0613597649477,3180.404722442849
Tripoli,Manufactured Goods,5554.0,2004,Libya,150000,6,6,4,5,0.6,0.6,0.4,0.5,0.48,2004,535.0613597649477,2971.7307921345196
Tripoli,Perishables,3356.0,2004,Libya,150000,6,6,4,5,0.6,0.6,0.4,0.5,0.48,2004,535.0613597649477,1795.6659233711646
Tripoli,Machinery,4772.0,2004,Libya,150000,6,6,4,5,0.6,0.6,0.4,0.5,0.48,2004,535.0613597649477,2553.3128087983305
Tripoli,Others,8222.0,2004,Libya,150000,6,6,4,5,0.6,0.6,0.4,0.5,0.48,2004,535.0613597649477,4399.2744999874
Benghazi,Raw Materials,1862.0,2004,Libya,160000,5,7,5,6,0.5,0.7,0.5,0.6,0.44000000000000006,2004,535.0613597649477,996.2842518823326
Benghazi,Manufactured Goods,5709.0,2004,Libya,160000,5,7,5,6,0.5,0.7,0.5,0.6,0.44000000000000006,2004,535.0613597649477,3054.665302898087
Benghazi,Perishables,2397.0,2004,Libya,160000,5,7,5,6,0.5,0.7,0.5,0.6,0.44000000000000006,2004,535.0613597649477,1282.5420793565797
Benghazi,Machinery,4985.0,2004,Libya,160000,5,7,5,6,0.5,0.7,0.5,0.6,0.44000000000000006,2004,535.0613597649477,2667.2808784282647
Benghazi,Others,7839.0,2004,Libya,160000,5,7,5,6,0.5,0.7,0.5,0.6,0.44000000000000006,2004,535.0613597649477,4194.345999197425
Misurata,Raw Materials,4339.0,2004,Libya,140000,5,6,4,5,0.5,0.6,0.4,0.5,0.51,2004,535.0613597649477,2321.6312400201077
Misurata,Manufactured Goods,4306.0,2004,Libya,140000,5,6,4,5,0.5,0.6,0.4,0.5,0.51,2004,535.0613597649477,2303.974215147865
Misurata,Perishables,9736.0,2004,Libya,140000,5,6,4,5,0.5,0.6,0.4,0.5,0.51,2004,535.0613597649477,5209.357398671531
Misurata,Machinery,2466.0,2004,Libya,140000,5,6,4,5,0.5,0.6,0.4,0.5,0.51,2004,535.0613597649477,1319.4613131803612
Misurata,Others,7838.0,2004,Libya,140000,5,6,4,5,0.5,0.6,0.4,0.5,0.51,2004,535.0613597649477,4193.81093783766
Alexandria,Raw Materials,1975.0,2005,Egypt,200000,8,9,7,8,0.8,0.9,0.7,0.8,0.20999999999999996,2005,478.6274383094853,945.2891906612334
Alexandria,Manufactured Goods,4744.0,2005,Egypt,200000,8,9,7,8,0.8,0.9,0.7,0.8,0.20999999999999996,2005,478.6274383094853,2270.608567340198
Alexandria,Perishables,2831.0,2005,Egypt,200000,8,9,7,8,0.8,0.9,0.7,0.8,0.20999999999999996,2005,478.6274383094853,1354.9942778541529
Alexandria,Machinery,8865.0,2005,Egypt,200000,8,9,7,8,0.8,0.9,0.7,0.8,0.20999999999999996,2005,478.6274383094853,4243.032240613587
Alexandria,Others,2317.0,2005,Egypt,200000,8,9,7,8,0.8,0.9,0.7,0.8,0.20999999999999996,2005,478.6274383094853,1108.9797745630774
Damietta,Raw Materials,671.0,2005,Egypt,180000,7,8,7,7,0.7,0.8,0.7,0.7,0.28,2005,478.6274383094853,321.1590111056646
Damietta,Manufactured Goods,9240.0,2005,Egypt,180000,7,8,7,7,0.7,0.8,0.7,0.7,0.28,2005,478.6274383094853,4422.517529979645
Damietta,Perishables,5486.0,2005,Egypt,180000,7,8,7,7,0.7,0.8,0.7,0.7,0.28,2005,478.6274383094853,2625.7501265658366
Damietta,Machinery,1644.0,2005,Egypt,180000,7,8,7,7,0.7,0.8,0.7,0.7,0.28,2005,478.6274383094853,786.8635085807939
Damietta,Others,6128.0,2005,Egypt,180000,7,8,7,7,0.7,0.8,0.7,0.7,0.28,2005,478.6274383094853,2933.0289419605256
Port Said,Raw Materials,5174.0,2005,Egypt,220000,9,9,8,9,0.9,0.9,0.8,0.9,0.1299999999999999,2005,478.6274383094853,2476.4183658132765
Port Said,Manufactured Goods,3125.0,2005,Egypt,220000,9,9,8,9,0.9,0.9,0.8,0.9,0.1299999999999999,2005,478.6274383094853,1495.7107447171416
Port Said,Perishables,9630.0,2005,Egypt,220000,9,9,8,9,0.9,0.9,0.8,0.9,0.1299999999999999,2005,478.6274383094853,4609.1822309203435
Port Said,Machinery,8529.0,2005,Egypt,220000,9,9,8,9,0.9,0.9,0.8,0.9,0.1299999999999999,2005,478.6274383094853,4082.2134213415998
Port Said,Others,5703.0,2005,Egypt,220000,9,9,8,9,0.9,0.9,0.8,0.9,0.1299999999999999,2005,478.6274383094853,2729.6122806789945
Tripoli,Raw Materials,9525.0,2005,Libya,150000,6,6,4,5,0.6,0.6,0.4,0.5,0.48,2005,478.6274383094853,4558.926349897847
Tripoli,Manufactured Goods,9306.0,2005,Libya,150000,6,6,4,5,0.6,0.6,0.4,0.5,0.48,2005,478.6274383094853,4454.10694090807
Tripoli,Perishables,5468.0,2005,Libya,150000,6,6,4,5,0.6,0.6,0.4,0.5,0.48,2005,478.6274383094853,2617.1348326762654
Tripoli,Machinery,6874.0,2005,Libya,150000,6,6,4,5,0.6,0.6,0.4,0.5,0.48,2005,478.6274383094853,3290.085010939402
Tripoli,Others,8259.0,2005,Libya,150000,6,6,4,5,0.6,0.6,0.4,0.5,0.48,2005,478.6274383094853,3952.984012998039
Benghazi,Raw Materials,6374.0,2005,Libya,160000,5,7,5,6,0.5,0.7,0.5,0.6,0.44000000000000006,2005,478.6274383094853,3050.771291784659
Benghazi,Manufactured Goods,4924.0,2005,Libya,160000,5,7,5,6,0.5,0.7,0.5,0.6,0.44000000000000006,2005,478.6274383094853,2356.7615062359055
Benghazi,Perishables,9325.0,2005,Libya,160000,5,7,5,6,0.5,0.7,0.5,0.6,0.44000000000000006,2005,478.6274383094853,4463.20086223595
Benghazi,Machinery,9916.0,2005,Libya,160000,5,7,5,6,0.5,0.7,0.5,0.6,0.44000000000000006,2005,478.6274383094853,4746.069678276856
Benghazi,Others,4428.0,2005,Libya,160000,5,7,5,6,0.5,0.7,0.5,0.6,0.44000000000000006,2005,478.6274383094853,2119.3622968344007
Misurata,Raw Materials,2237.0,2005,Libya,140000,5,6,4,5,0.5,0.6,0.4,0.5,0.51,2005,478.6274383094853,1070.6895794983184
Misurata,Manufactured Goods,508.0,2005,Libya,140000,5,6,4,5,0.5,0.6,0.4,0.5,0.51,2005,478.6274383094853,243.14273866121852
Misurata,Perishables,7610.0,2005,Libya,140000,5,6,4,5,0.5,0.6,0.4,0.5,0.51,2005,478.6274383094853,3642.354805535183
Misurata,Machinery,3428.0,2005,Libya,140000,5,6,4,5,0.5,0.6,0.4,0.5,0.51,2005,478.6274383094853,1640.7348585249156
Misurata,Others,1029.0,2005,Libya,140000,5,6,4,5,0.5,0.6,0.4,0.5,0.51,2005,478.6274383094853,492.5076340204604
Alexandria,Raw Materials,5749.0,2006,Egypt,200000,8,9,7,8,0.8,0.9,0.7,0.8,0.20999999999999996,2006,427.7740174382013,2459.272826252219
Alexandria,Manufactured Goods,2723.0,2006,Egypt,200000,8,9,7,8,0.8,0.9,0.7,0.8,0.20999999999999996,2006,427.7740174382013,1164.8286494842223
Alexandria,Perishables,5412.0,2006,Egypt,200000,8,9,7,8,0.8,0.9,0.7,0.8,0.20999999999999996,2006,427.7740174382013,2315.1129823755455
Alexandria,Machinery,4623.0,2006,Egypt,200000,8,9,7,8,0.8,0.9,0.7,0.8,0.20999999999999996,2006,427.7740174382013,1977.5992826168049
Alexandria,Others,3437.0,2006,Egypt,200000,8,9,7,8,0.8,0.9,0.7,0.8,0.20999999999999996,2006,427.7740174382013,1470.259297935098
Damietta,Raw Materials,2018.0,2006,Egypt,180000,7,8,7,7,0.7,0.8,0.7,0.7,0.28,2006,427.7740174382013,863.2479671902902
Damietta,Manufactured Goods,1080.0,2006,Egypt,180000,7,8,7,7,0.7,0.8,0.7,0.7,0.28,2006,427.7740174382013,461.9959388332574
Damietta,Perishables,9666.0,2006,Egypt,180000,7,8,7,7,0.7,0.8,0.7,0.7,0.28,2006,427.7740174382013,4134.863652557654
Damietta,Machinery,4224.0,2006,Egypt,180000,7,8,7,7,0.7,0.8,0.7,0.7,0.28,2006,427.7740174382013,1806.9174496589624
Damietta,Others,3407.0,2006,Egypt,180000,7,8,7,7,0.7,0.8,0.7,0.7,0.28,2006,427.7740174382013,1457.426077411952
Port Said,Raw Materials,8025.0,2006,Egypt,220000,9,9,8,9,0.9,0.9,0.8,0.9,0.1299999999999999,2006,427.7740174382013,3432.8864899415657
Port Said,Manufactured Goods,5990.0,2006,Egypt,220000,9,9,8,9,0.9,0.9,0.8,0.9,0.1299999999999999,2006,427.7740174382013,2562.366364454826
Port Said,Perishables,1290.0,2006,Egypt,220000,9,9,8,9,0.9,0.9,0.8,0.9,0.1299999999999999,2006,427.7740174382013,551.8284824952798
Port Said,Machinery,7905.0,2006,Egypt,220000,9,9,8,9,0.9,0.9,0.8,0.9,0.1299999999999999,2006,427.7740174382013,3381.5536078489813
Port Said,Others,7704.0,2006,Egypt,220000,9,9,8,9,0.9,0.9,0.8,0.9,0.1299999999999999,2006,427.7740174382013,3295.571030343903
Tripoli,Raw Materials,4265.0,2006,Libya,150000,6,6,4,5,0.6,0.6,0.4,0.5,0.48,2006,427.7740174382013,1824.4561843739286
Tripoli,Manufactured Goods,5569.0,2006,Libya,150000,6,6,4,5,0.6,0.6,0.4,0.5,0.48,2006,427.7740174382013,2382.2735031133434
Tripoli,Perishables,625.0,2006,Libya,150000,6,6,4,5,0.6,0.6,0.4,0.5,0.48,2006,427.7740174382013,267.35876089887586
Tripoli,Machinery,6230.0,2006,Libya,150000,6,6,4,5,0.6,0.6,0.4,0.5,0.48,2006,427.7740174382013,2665.032128639994
Tripoli,Others,6795.0,2006,Libya,150000,6,6,4,5,0.6,0.6,0.4,0.5,0.48,2006,427.7740174382013,2906.724448492578
Benghazi,Raw Materials,9420.0,2006,Libya,160000,5,7,5,6,0.5,0.7,0.5,0.6,0.44000000000000006,2006,427.7740174382013,4029.631244267857
Benghazi,Manufactured Goods,9951.0,2006,Libya,160000,5,7,5,6,0.5,0.7,0.5,0.6,0.44000000000000006,2006,427.7740174382013,4256.779247527542
Benghazi,Perishables,7384.0,2006,Libya,160000,5,7,5,6,0.5,0.7,0.5,0.6,0.44000000000000006,2006,427.7740174382013,3158.6833447636786
Benghazi,Machinery,6505.0,2006,Libya,160000,5,7,5,6,0.5,0.7,0.5,0.6,0.44000000000000006,2006,427.7740174382013,2782.6699834354995
Benghazi,Others,8542.0,2006,Libya,160000,5,7,5,6,0.5,0.7,0.5,0.6,0.44000000000000006,2006,427.7740174382013,3654.0456569571156
Misurata,Raw Materials,9109.0,2006,Libya,140000,5,6,4,5,0.5,0.6,0.4,0.5,0.51,2006,427.7740174382013,3896.5935248445758
Misurata,Manufactured Goods,944.0,2006,Libya,140000,5,6,4,5,0.5,0.6,0.4,0.5,0.51,2006,427.7740174382013,403.81867246166206
Misurata,Perishables,8788.0,2006,Libya,140000,5,6,4,5,0.5,0.6,0.4,0.5,0.51,2006,427.7740174382013,3759.2780652469132
Misurata,Machinery,9633.0,2006,Libya,140000,5,6,4,5,0.5,0.6,0.4,0.5,0.51,2006,427.7740174382013,4120.747109982193
Misurata,Others,2064.0,2006,Libya,140000,5,6,4,5,0.5,0.6,0.4,0.5,0.51,2006,427.7740174382013,882.9255719924474
Alexandria,Raw Materials,1339.0,2007,Egypt,200000,8,9,7,8,0.8,0.9,0.7,0.8,0.20999999999999996,2007,622.5526069734426,833.5979407374397
Alexandria,Manufactured Goods,5087.0,2007,Egypt,200000,8,9,7,8,0.8,0.9,0.7,0.8,0.20999999999999996,2007,622.5526069734426,3166.925111673903
Alexandria,Perishables,6091.0,2007,Egypt,200000,8,9,7,8,0.8,0.9,0.7,0.8,0.20999999999999996,2007,622.5526069734426,3791.9679290752388
Alexandria,Machinery,1059.0,2007,Egypt,200000,8,9,7,8,0.8,0.9,0.7,0.8,0.20999999999999996,2007,622.5526069734426,659.2832107848757
Alexandria,Others,3004.0,2007,Egypt,200000,8,9,7,8,0.8,0.9,0.7,0.8,0.20999999999999996,2007,622.5526069734426,1870.1480313482216
Damietta,Raw Materials,8745.0,2007,Egypt,180000,7,8,7,7,0.7,0.8,0.7,0.7,0.28,2007,622.5526069734426,5444.222547982756
Damietta,Manufactured Goods,9422.0,2007,Egypt,180000,7,8,7,7,0.7,0.8,0.7,0.7,0.28,2007,622.5526069734426,5865.690662903777
Damietta,Perishables,6014.0,2007,Egypt,180000,7,8,7,7,0.7,0.8,0.7,0.7,0.28,2007,622.5526069734426,3744.031378338284
Damietta,Machinery,9570.0,2007,Egypt,180000,7,8,7,7,0.7,0.8,0.7,0.7,0.28,2007,622.5526069734426,5957.828448735846
Damietta,Others,4718.0,2007,Egypt,180000,7,8,7,7,0.7,0.8,0.7,0.7,0.28,2007,622.5526069734426,2937.2031997007025
Port Said,Raw Materials,6835.0,2007,Egypt,220000,9,9,8,9,0.9,0.9,0.8,0.9,0.1299999999999999,2007,622.5526069734426,4255.147068663479
Port Said,Manufactured Goods,6430.0,2007,Egypt,220000,9,9,8,9,0.9,0.9,0.8,0.9,0.1299999999999999,2007,622.5526069734426,4003.0132628392357
Port Said,Perishables,6269.0,2007,Egypt,220000,9,9,8,9,0.9,0.9,0.8,0.9,0.1299999999999999,2007,622.5526069734426,3902.782293116512
Port Said,Machinery,6847.0,2007,Egypt,220000,9,9,8,9,0.9,0.9,0.8,0.9,0.1299999999999999,2007,622.5526069734426,4262.617699947162
Port Said,Others,8845.0,2007,Egypt,220000,9,9,8,9,0.9,0.9,0.8,0.9,0.1299999999999999,2007,622.5526069734426,5506.4778086801
Tripoli,Raw Materials,2323.0,2007,Libya,150000,6,6,4,5,0.6,0.6,0.4,0.5,0.48,2007,622.5526069734426,1446.189705999307
Tripoli,Manufactured Goods,6364.0,2007,Libya,150000,6,6,4,5,0.6,0.6,0.4,0.5,0.48,2007,622.5526069734426,3961.924790778989
Tripoli,Perishables,2306.0,2007,Libya,150000,6,6,4,5,0.6,0.6,0.4,0.5,0.48,2007,622.5526069734426,1435.6063116807586
Tripoli,Machinery,5497.0,2007,Libya,150000,6,6,4,5,0.6,0.6,0.4,0.5,0.48,2007,622.5526069734426,3422.1716805330143
Tripoli,Others,5045.0,2007,Libya,150000,6,6,4,5,0.6,0.6,0.4,0.5,0.48,2007,622.5526069734426,3140.7779021810184
Benghazi,Raw Materials,2399.0,2007,Libya,160000,5,7,5,6,0.5,0.7,0.5,0.6,0.44000000000000006,2007,622.5526069734426,1493.503704129289
Benghazi,Manufactured Goods,608.0,2007,Libya,160000,5,7,5,6,0.5,0.7,0.5,0.6,0.44000000000000006,2007,622.5526069734426,378.5119850398531
Benghazi,Perishables,7329.0,2007,Libya,160000,5,7,5,6,0.5,0.7,0.5,0.6,0.44000000000000006,2007,622.5526069734426,4562.68805650836
Benghazi,Machinery,3853.0,2007,Libya,160000,5,7,5,6,0.5,0.7,0.5,0.6,0.44000000000000006,2007,622.5526069734426,2398.6951946686745
Benghazi,Others,7892.0,2007,Libya,160000,5,7,5,6,0.5,0.7,0.5,0.6,0.44000000000000006,2007,622.5526069734426,4913.185174234409
Misurata,Raw Materials,9346.0,2007,Libya,140000,5,6,4,5,0.5,0.6,0.4,0.5,0.51,2007,622.5526069734426,5818.376664773795
Misurata,Manufactured Goods,1760.0,2007,Libya,140000,5,6,4,5,0.5,0.6,0.4,0.5,0.51,2007,622.5526069734426,1095.692588273259
Misurata,Perishables,8317.0,2007,Libya,140000,5,6,4,5,0.5,0.6,0.4,0.5,0.51,2007,622.5526069734426,5177.770032198122
Misurata,Machinery,777.0,2007,Libya,140000,5,6,4,5,0.5,0.6,0.4,0.5,0.51,2007,622.5526069734426,483.7233756183649
Misurata,Others,7791.0,2007,Libya,140000,5,6,4,5,0.5,0.6,0.4,0.5,0.51,2007,622.5526069734426,4850.307360930092
Alexandria,Raw Materials,1255.0,2008,Egypt,200000,8,9,7,8,0.8,0.9,0.7,0.8,0.20999999999999996,2008,632.3002088737933,793.5367621366106
Alexandria,Manufactured Goods,618.0,2008,Egypt,200000,8,9,7,8,0.8,0.9,0.7,0.8,0.20999999999999996,2008,632.3002088737933,390.7615290840042
Alexandria,Perishables,8267.0,2008,Egypt,200000,8,9,7,8,0.8,0.9,0.7,0.8,0.20999999999999996,2008,632.3002088737933,5227.22582675965
Alexandria,Machinery,6108.0,2008,Egypt,200000,8,9,7,8,0.8,0.9,0.7,0.8,0.20999999999999996,2008,632.3002088737933,3862.0896758011295
Alexandria,Others,9446.0,2008,Egypt,200000,8,9,7,8,0.8,0.9,0.7,0.8,0.20999999999999996,2008,632.3002088737933,5972.707773021852
Damietta,Raw Materials,7637.0,2008,Egypt,180000,7,8,7,7,0.7,0.8,0.7,0.7,0.28,2008,632.3002088737933,4828.87669516916
Damietta,Manufactured Goods,1573.0,2008,Egypt,180000,7,8,7,7,0.7,0.8,0.7,0.7,0.28,2008,632.3002088737933,994.6082285584768
Damietta,Perishables,8179.0,2008,Egypt,180000,7,8,7,7,0.7,0.8,0.7,0.7,0.28,2008,632.3002088737933,5171.583408378756
Damietta,Machinery,5014.0,2008,Egypt,180000,7,8,7,7,0.7,0.8,0.7,0.7,0.28,2008,632.3002088737933,3170.3532472931993
Damietta,Others,7878.0,2008,Egypt,180000,7,8,7,7,0.7,0.8,0.7,0.7,0.28,2008,632.3002088737933,4981.261045507743
Port Said,Raw Materials,3727.0,2008,Egypt,220000,9,9,8,9,0.9,0.9,0.8,0.9,0.1299999999999999,2008,632.3002088737933,2356.5828784726277
Port Said,Manufactured Goods,683.0,2008,Egypt,220000,9,9,8,9,0.9,0.9,0.8,0.9,0.1299999999999999,2008,632.3002088737933,431.8610426608008
Port Said,Perishables,7920.0,2008,Egypt,220000,9,9,8,9,0.9,0.9,0.8,0.9,0.1299999999999999,2008,632.3002088737933,5007.817654280443
Port Said,Machinery,1472.0,2008,Egypt,220000,9,9,8,9,0.9,0.9,0.8,0.9,0.1299999999999999,2008,632.3002088737933,930.7459074622236
Port Said,Others,1476.0,2008,Egypt,220000,9,9,8,9,0.9,0.9,0.8,0.9,0.1299999999999999,2008,632.3002088737933,933.2751082977189
Tripoli,Raw Materials,1372.0,2008,Libya,150000,6,6,4,5,0.6,0.6,0.4,0.5,0.48,2008,632.3002088737933,867.5158865748443
Tripoli,Manufactured Goods,6604.0,2008,Libya,150000,6,6,4,5,0.6,0.6,0.4,0.5,0.48,2008,632.3002088737933,4175.710579402531
Tripoli,Perishables,2977.0,2008,Libya,150000,6,6,4,5,0.6,0.6,0.4,0.5,0.48,2008,632.3002088737933,1882.3577218172825
Tripoli,Machinery,8030.0,2008,Libya,150000,6,6,4,5,0.6,0.6,0.4,0.5,0.48,2008,632.3002088737933,5077.37067725656
Tripoli,Others,1882.0,2008,Libya,150000,6,6,4,5,0.6,0.6,0.4,0.5,0.48,2008,632.3002088737933,1189.988993100479
Benghazi,Raw Materials,8285.0,2008,Libya,160000,5,7,5,6,0.5,0.7,0.5,0.6,0.44000000000000006,2008,632.3002088737933,5238.6072305193775
Benghazi,Manufactured Goods,1436.0,2008,Libya,160000,5,7,5,6,0.5,0.7,0.5,0.6,0.44000000000000006,2008,632.3002088737933,907.9830999427671
Benghazi,Perishables,9197.0,2008,Libya,160000,5,7,5,6,0.5,0.7,0.5,0.6,0.44000000000000006,2008,632.3002088737933,5815.2650210122765
Benghazi,Machinery,1419.0,2008,Libya,160000,5,7,5,6,0.5,0.7,0.5,0.6,0.44000000000000006,2008,632.3002088737933,897.2339963919127
Benghazi,Others,8746.0,2008,Libya,160000,5,7,5,6,0.5,0.7,0.5,0.6,0.44000000000000006,2008,632.3002088737933,5530.097626810196
Misurata,Raw Materials,6514.0,2008,Libya,140000,5,6,4,5,0.5,0.6,0.4,0.5,0.51,2008,632.3002088737933,4118.803560603889
Misurata,Manufactured Goods,6185.0,2008,Libya,140000,5,6,4,5,0.5,0.6,0.4,0.5,0.51,2008,632.3002088737933,3910.7767918844115
Misurata,Perishables,6262.0,2008,Libya,140000,5,6,4,5,0.5,0.6,0.4,0.5,0.51,2008,632.3002088737933,3959.4639079676936
Misurata,Machinery,7105.0,2008,Libya,140000,5,6,4,5,0.5,0.6,0.4,0.5,0.51,2008,632.3002088737933,4492.492984048301
Misurata,Others,5108.0,2008,Libya,140000,5,6,4,5,0.5,0.6,0.4,0.5,0.51,2008,632.3002088737933,3229.789466927336
Alexandria,Raw Materials,1486.0,2009,Egypt,200000,8,9,7,8,0.8,0.9,0.7,0.8,0.20999999999999996,2009,650.3482855987609,966.4175523997586
Alexandria,Manufactured Goods,4306.0,2009,Egypt,200000,8,9,7,8,0.8,0.9,0.7,0.8,0.20999999999999996,2009,650.3482855987609,2800.3997177882643
Alexandria,Perishables,9541.0,2009,Egypt,200000,8,9,7,8,0.8,0.9,0.7,0.8,0.20999999999999996,2009,650.3482855987609,6204.972992897778
Alexandria,Machinery,3335.0,2009,Egypt,200000,8,9,7,8,0.8,0.9,0.7,0.8,0.20999999999999996,2009,650.3482855987609,2168.9115324718673
Alexandria,Others,3660.0,2009,Egypt,200000,8,9,7,8,0.8,0.9,0.7,0.8,0.20999999999999996,2009,650.3482855987609,2380.274725291465
Damietta,Raw Materials,629.0,2009,Egypt,180000,7,8,7,7,0.7,0.8,0.7,0.7,0.28,2009,650.3482855987609,409.0690716416206
Damietta,Manufactured Goods,5124.0,2009,Egypt,180000,7,8,7,7,0.7,0.8,0.7,0.7,0.28,2009,650.3482855987609,3332.3846154080506
Damietta,Perishables,2214.0,2009,Egypt,180000,7,8,7,7,0.7,0.8,0.7,0.7,0.28,2009,650.3482855987609,1439.8711043156566
Damietta,Machinery,9895.0,2009,Egypt,180000,7,8,7,7,0.7,0.8,0.7,0.7,0.28,2009,650.3482855987609,6435.196285999738
Damietta,Others,8529.0,2009,Egypt,180000,7,8,7,7,0.7,0.8,0.7,0.7,0.28,2009,650.3482855987609,5546.8205278718315
Port Said,Raw Materials,6646.0,2009,Egypt,220000,9,9,8,9,0.9,0.9,0.8,0.9,0.1299999999999999,2009,650.3482855987609,4322.214706089364
Port Said,Manufactured Goods,5435.0,2009,Egypt,220000,9,9,8,9,0.9,0.9,0.8,0.9,0.1299999999999999,2009,650.3482855987609,3534.642932229265
Port Said,Perishables,630.0,2009,Egypt,220000,9,9,8,9,0.9,0.9,0.8,0.9,0.1299999999999999,2009,650.3482855987609,409.71941992721935
Port Said,Machinery,6302.0,2009,Egypt,220000,9,9,8,9,0.9,0.9,0.8,0.9,0.1299999999999999,2009,650.3482855987609,4098.494895843391
Port Said,Others,4464.0,2009,Egypt,220000,9,9,8,9,0.9,0.9,0.8,0.9,0.1299999999999999,2009,650.3482855987609,2903.1547469128686
Tripoli,Raw Materials,4575.0,2009,Libya,150000,6,6,4,5,0.6,0.6,0.4,0.5,0.48,2009,650.3482855987609,2975.343406614331
Tripoli,Manufactured Goods,4175.0,2009,Libya,150000,6,6,4,5,0.6,0.6,0.4,0.5,0.48,2009,650.3482855987609,2715.204092374827
Tripoli,Perishables,7625.0,2009,Libya,150000,6,6,4,5,0.6,0.6,0.4,0.5,0.48,2009,650.3482855987609,4958.905677690552
Tripoli,Machinery,5544.0,2009,Libya,150000,6,6,4,5,0.6,0.6,0.4,0.5,0.48,2009,650.3482855987609,3605.53089535953
Tripoli,Others,9312.0,2009,Libya,150000,6,6,4,5,0.6,0.6,0.4,0.5,0.48,2009,650.3482855987609,6056.043235495661
Benghazi,Raw Materials,6020.0,2009,Libya,160000,5,7,5,6,0.5,0.7,0.5,0.6,0.44000000000000006,2009,650.3482855987609,3915.0966793045404
Benghazi,Manufactured Goods,5682.0,2009,Libya,160000,5,7,5,6,0.5,0.7,0.5,0.6,0.44000000000000006,2009,650.3482855987609,3695.278958772159
Benghazi,Perishables,8723.0,2009,Libya,160000,5,7,5,6,0.5,0.7,0.5,0.6,0.44000000000000006,2009,650.3482855987609,5672.988095277991
Benghazi,Machinery,4915.0,2009,Libya,160000,5,7,5,6,0.5,0.7,0.5,0.6,0.44000000000000006,2009,650.3482855987609,3196.4618237179097
Benghazi,Others,552.0,2009,Libya,160000,5,7,5,6,0.5,0.7,0.5,0.6,0.44000000000000006,2009,650.3482855987609,358.992253650516
Misurata,Raw Materials,6083.0,2009,Libya,140000,5,6,4,5,0.5,0.6,0.4,0.5,0.51,2009,650.3482855987609,3956.0686212972623
Misurata,Manufactured Goods,1274.0,2009,Libya,140000,5,6,4,5,0.5,0.6,0.4,0.5,0.51,2009,650.3482855987609,828.5437158528214
Misurata,Perishables,8853.0,2009,Libya,140000,5,6,4,5,0.5,0.6,0.4,0.5,0.51,2009,650.3482855987609,5757.53337240583
Misurata,Machinery,4428.0,2009,Libya,140000,5,6,4,5,0.5,0.6,0.4,0.5,0.51,2009,650.3482855987609,2879.742208631313
Misurata,Others,8445.0,2009,Libya,140000,5,6,4,5,0.5,0.6,0.4,0.5,0.51,2009,650.3482855987609,5492.191271881536
Alexandria,Raw Materials,3817.8,2010,Egypt,200000,8,9,7,8,0.8,0.9,0.7,0.8,0.20999999999999996,2010,374.6919525595399,1430.4989364818116
Alexandria,Manufactured Goods,6862.799999999999,2010,Egypt,200000,8,9,7,8,0.8,0.9,0.7,0.8,0.20999999999999996,2010,374.6919525595399,2571.4359320256103
Alexandria,Perishables,6183.799999999999,2010,Egypt,200000,8,9,7,8,0.8,0.9,0.7,0.8,0.20999999999999996,2010,374.6919525595399,2317.0200962376825
Alexandria,Machinery,3289.3,2010,Egypt,200000,8,9,7,8,0.8,0.9,0.7,0.8,0.20999999999999996,2010,374.6919525595399,1232.4742395540945
Alexandria,Others,6486.9,2010,Egypt,200000,8,9,7,8,0.8,0.9,0.7,0.8,0.20999999999999996,2010,374.6919525595399,2430.589227058479
Damietta,Raw Materials,4085.2,2010,Egypt,180000,7,8,7,7,0.7,0.8,0.7,0.7,0.28,2010,374.6919525595399,1530.6915645962324
Damietta,Manufactured Goods,893.1999999999999,2010,Egypt,180000,7,8,7,7,0.7,0.8,0.7,0.7,0.28,2010,374.6919525595399,334.674852026181
Damietta,Perishables,1068.9,2010,Egypt,180000,7,8,7,7,0.7,0.8,0.7,0.7,0.28,2010,374.6919525595399,400.50822809089226
Damietta,Machinery,1631.6999999999998,2010,Egypt,180000,7,8,7,7,0.7,0.8,0.7,0.7,0.28,2010,374.6919525595399,611.3848589914012
Damietta,Others,4163.599999999999,2010,Egypt,180000,7,8,7,7,0.7,0.8,0.7,0.7,0.28,2010,374.6919525595399,1560.0674136769
Port Said,Raw Materials,6734.0,2010,Egypt,220000,9,9,8,9,0.9,0.9,0.8,0.9,0.1299999999999999,2010,374.6919525595399,2523.1756085359416
Port Said,Manufactured Goods,5191.9,2010,Egypt,220000,9,9,8,9,0.9,0.9,0.8,0.9,0.1299999999999999,2010,374.6919525595399,1945.363148493875
Port Said,Perishables,5324.9,2010,Egypt,220000,9,9,8,9,0.9,0.9,0.8,0.9,0.1299999999999999,2010,374.6919525595399,1995.197178184294
Port Said,Machinery,871.5,2010,Egypt,220000,9,9,8,9,0.9,0.9,0.8,0.9,0.1299999999999999,2010,374.6919525595399,326.544036655639
Port Said,Others,2821.7,2010,Egypt,220000,9,9,8,9,0.9,0.9,0.8,0.9,0.1299999999999999,2010,374.6919525595399,1057.2682825372538
Tripoli,Raw Materials,3224.9,2010,Libya,150000,6,6,4,5,0.6,0.6,0.4,0.5,0.48,2010,374.6919525595399,1208.3440778092602
Tripoli,Manufactured Goods,4057.9,2010,Libya,150000,6,6,4,5,0.6,0.6,0.4,0.5,0.48,2010,374.6919525595399,1520.462474291357
Tripoli,Perishables,861.0,2010,Libya,150000,6,6,4,5,0.6,0.6,0.4,0.5,0.48,2010,374.6919525595399,322.60977115376386
Tripoli,Machinery,3300.5,2010,Libya,150000,6,6,4,5,0.6,0.6,0.4,0.5,0.48,2010,374.6919525595399,1236.6707894227613
Tripoli,Others,3896.2,2010,Libya,150000,6,6,4,5,0.6,0.6,0.4,0.5,0.48,2010,374.6919525595399,1459.8747855624795
Benghazi,Raw Materials,1675.1,2010,Libya,160000,5,7,5,6,0.5,0.7,0.5,0.6,0.44000000000000006,2010,374.6919525595399,627.6464897324853
Benghazi,Manufactured Goods,4067.0,2010,Libya,160000,5,7,5,6,0.5,0.7,0.5,0.6,0.44000000000000006,2010,374.6919525595399,1523.8721710596487
Benghazi,Perishables,6031.2,2010,Libya,160000,5,7,5,6,0.5,0.7,0.5,0.6,0.44000000000000006,2010,374.6919525595399,2259.842104277097
Benghazi,Machinery,6635.299999999999,2010,Libya,160000,5,7,5,6,0.5,0.7,0.5,0.6,0.44000000000000006,2010,374.6919525595399,2486.193512818315
Benghazi,Others,2661.4,2010,Libya,160000,5,7,5,6,0.5,0.7,0.5,0.6,0.44000000000000006,2010,374.6919525595399,997.2051625419596
Misurata,Raw Materials,462.0,2010,Libya,140000,5,6,4,5,0.5,0.6,0.4,0.5,0.51,2010,374.6919525595399,173.10768208250744
Misurata,Manufactured Goods,5470.5,2010,Libya,140000,5,6,4,5,0.5,0.6,0.4,0.5,0.51,2010,374.6919525595399,2049.752326476963
Misurata,Perishables,1599.5,2010,Libya,140000,5,6,4,5,0.5,0.6,0.4,0.5,0.51,2010,374.6919525595399,599.3197781189841
Misurata,Machinery,5055.4,2010,Libya,140000,5,6,4,5,0.5,0.6,0.4,0.5,0.51,2010,374.6919525595399,1894.2176969694979
Misurata,Others,4615.099999999999,2010,Libya,140000,5,6,4,5,0.5,0.6,0.4,0.5,0.51,2010,374.6919525595399,1729.2408302575325
Alexandria,Raw Materials,6337.099999999999,2011,Egypt,200000,8,9,7,8,0.8,0.9,0.7,0.8,0.20999999999999996,2011,693.093283903965,4392.201449427816
Alexandria,Manufactured Goods,5287.799999999999,2011,Egypt,200000,8,9,7,8,0.8,0.9,0.7,0.8,0.20999999999999996,2011,693.093283903965,3664.938666627386
Alexandria,Perishables,2836.4,2011,Egypt,200000,8,9,7,8,0.8,0.9,0.7,0.8,0.20999999999999996,2011,693.093283903965,1965.8897904652063
Alexandria,Machinery,1622.6,2011,Egypt,200000,8,9,7,8,0.8,0.9,0.7,0.8,0.20999999999999996,2011,693.093283903965,1124.6131624625734
Alexandria,Others,6546.4,2011,Egypt,200000,8,9,7,8,0.8,0.9,0.7,0.8,0.20999999999999996,2011,693.093283903965,4537.265873748916
Damietta,Raw Materials,5110.7,2011,Egypt,180000,7,8,7,7,0.7,0.8,0.7,0.7,0.28,2011,693.093283903965,3542.1918460479937
Damietta,Manufactured Goods,2593.5,2011,Egypt,180000,7,8,7,7,0.7,0.8,0.7,0.7,0.28,2011,693.093283903965,1797.5374318049332
Damietta,Perishables,4681.599999999999,2011,Egypt,180000,7,8,7,7,0.7,0.8,0.7,0.7,0.28,2011,693.093283903965,3244.785517924802
Damietta,Machinery,5056.799999999999,2011,Egypt,180000,7,8,7,7,0.7,0.8,0.7,0.7,0.28,2011,693.093283903965,3504.83411804557
Damietta,Others,5328.4,2011,Egypt,180000,7,8,7,7,0.7,0.8,0.7,0.7,0.28,2011,693.093283903965,3693.0782539538873
Port Said,Raw Materials,4216.8,2011,Egypt,220000,9,9,8,9,0.9,0.9,0.8,0.9,0.1299999999999999,2011,693.093283903965,2922.63575956624
Port Said,Manufactured Goods,2982.7,2011,Egypt,220000,9,9,8,9,0.9,0.9,0.8,0.9,0.1299999999999999,2011,693.093283903965,2067.2893379003563
Port Said,Perishables,4442.9,2011,Egypt,220000,9,9,8,9,0.9,0.9,0.8,0.9,0.1299999999999999,2011,693.093283903965,3079.344151056926
Port Said,Machinery,2430.4,2011,Egypt,220000,9,9,8,9,0.9,0.9,0.8,0.9,0.1299999999999999,2011,693.093283903965,1684.4939172001966
Port Said,Others,3504.9,2011,Egypt,220000,9,9,8,9,0.9,0.9,0.8,0.9,0.1299999999999999,2011,693.093283903965,2429.2226507550067
Tripoli,Raw Materials,1855.0,2011,Libya,150000,6,6,4,5,0.6,0.6,0.4,0.5,0.48,2011,693.093283903965,1285.688041641855
Tripoli,Manufactured Goods,4024.3,2011,Libya,150000,6,6,4,5,0.6,0.6,0.4,0.5,0.48,2011,693.093283903965,2789.2153024147265
Tripoli,Perishables,5719.0,2011,Libya,150000,6,6,4,5,0.6,0.6,0.4,0.5,0.48,2011,693.093283903965,3963.800490646776
Tripoli,Machinery,5602.799999999999,2011,Libya,150000,6,6,4,5,0.6,0.6,0.4,0.5,0.48,2011,693.093283903965,3883.263051057135
Tripoli,Others,6142.5,2011,Libya,150000,6,6,4,5,0.6,0.6,0.4,0.5,0.48,2011,693.093283903965,4257.325496380105
Benghazi,Raw Materials,6411.299999999999,2011,Libya,160000,5,7,5,6,0.5,0.7,0.5,0.6,0.44000000000000006,2011,693.093283903965,4443.628971093491
Benghazi,Manufactured Goods,1226.4,2011,Libya,160000,5,7,5,6,0.5,0.7,0.5,0.6,0.44000000000000006,2011,693.093283903965,850.0096033798228
Benghazi,Perishables,6092.099999999999,2011,Libya,160000,5,7,5,6,0.5,0.7,0.5,0.6,0.44000000000000006,2011,693.093283903965,4222.393594871345
Benghazi,Machinery,5289.9,2011,Libya,160000,5,7,5,6,0.5,0.7,0.5,0.6,0.44000000000000006,2011,693.093283903965,3666.3941625235843
Benghazi,Others,4083.8,2011,Libya,160000,5,7,5,6,0.5,0.7,0.5,0.6,0.44000000000000006,2011,693.093283903965,2830.4543528070126
Misurata,Raw Materials,6002.5,2011,Libya,140000,5,6,4,5,0.5,0.6,0.4,0.5,0.51,2011,693.093283903965,4160.29243663355
Misurata,Manufactured Goods,3901.1,2011,Libya,140000,5,6,4,5,0.5,0.6,0.4,0.5,0.51,2011,693.093283903965,2703.826209837758
Misurata,Perishables,3870.3,2011,Libya,140000,5,6,4,5,0.5,0.6,0.4,0.5,0.51,2011,693.093283903965,2682.478936693516
Misurata,Machinery,2589.3,2011,Libya,140000,5,6,4,5,0.5,0.6,0.4,0.5,0.51,2011,693.093283903965,1794.6264400125367
Misurata,Others,3904.6,2011,Libya,140000,5,6,4,5,0.5,0.6,0.4,0.5,0.51,2011,693.093283903965,2706.2520363314216
Alexandria,Raw Materials,469.0,2012,Egypt,200000,8,9,7,8,0.8,0.9,0.7,0.8,0.20999999999999996,2012,414.9621976074868,194.61727067791134
Alexandria,Manufactured Goods,2138.5,2012,Egypt,200000,8,9,7,8,0.8,0.9,0.7,0.8,0.20999999999999996,2012,414.9621976074868,887.3966595836106
Alexandria,Perishables,5305.299999999999,2012,Egypt,200000,8,9,7,8,0.8,0.9,0.7,0.8,0.20999999999999996,2012,414.9621976074868,2201.4989469669995
Alexandria,Machinery,5663.0,2012,Egypt,200000,8,9,7,8,0.8,0.9,0.7,0.8,0.20999999999999996,2012,414.9621976074868,2349.930925051198
Alexandria,Others,2006.9,2012,Egypt,200000,8,9,7,8,0.8,0.9,0.7,0.8,0.20999999999999996,2012,414.9621976074868,832.7876343784653
Damietta,Raw Materials,2942.8,2012,Egypt,180000,7,8,7,7,0.7,0.8,0.7,0.7,0.28,2012,414.9621976074868,1221.1507551193124
Damietta,Manufactured Goods,4415.599999999999,2012,Egypt,180000,7,8,7,7,0.7,0.8,0.7,0.7,0.28,2012,414.9621976074868,1832.3070797556184
Damietta,Perishables,1939.7,2012,Egypt,180000,7,8,7,7,0.7,0.8,0.7,0.7,0.28,2012,414.9621976074868,804.9021746992422
Damietta,Machinery,4315.5,2012,Egypt,180000,7,8,7,7,0.7,0.8,0.7,0.7,0.28,2012,414.9621976074868,1790.7693637751095
Damietta,Others,4767.7,2012,Egypt,180000,7,8,7,7,0.7,0.8,0.7,0.7,0.28,2012,414.9621976074868,1978.4152695332148
Port Said,Raw Materials,1521.8,2012,Egypt,220000,9,9,8,9,0.9,0.9,0.8,0.9,0.1299999999999999,2012,414.9621976074868,631.4894723190733
Port Said,Manufactured Goods,5665.099999999999,2012,Egypt,220000,9,9,8,9,0.9,0.9,0.8,0.9,0.1299999999999999,2012,414.9621976074868,2350.8023456661736
Port Said,Perishables,5555.9,2012,Egypt,220000,9,9,8,9,0.9,0.9,0.8,0.9,0.1299999999999999,2012,414.9621976074868,2305.488473687436
Port Said,Machinery,3342.5,2012,Egypt,220000,9,9,8,9,0.9,0.9,0.8,0.9,0.1299999999999999,2012,414.9621976074868,1387.0111455030246
Port Said,Others,4382.7,2012,Egypt,220000,9,9,8,9,0.9,0.9,0.8,0.9,0.1299999999999999,2012,414.9621976074868,1818.6548234543322
Tripoli,Raw Materials,2880.5,2012,Libya,150000,6,6,4,5,0.6,0.6,0.4,0.5,0.48,2012,414.9621976074868,1195.2986102083657
Tripoli,Manufactured Goods,2192.4,2012,Libya,150000,6,6,4,5,0.6,0.6,0.4,0.5,0.48,2012,414.9621976074868,909.7631220346541
Tripoli,Perishables,1589.6999999999998,2012,Libya,150000,6,6,4,5,0.6,0.6,0.4,0.5,0.48,2012,414.9621976074868,659.6654055366217
Tripoli,Machinery,951.3,2012,Libya,150000,6,6,4,5,0.6,0.6,0.4,0.5,0.48,2012,414.9621976074868,394.7535385840022
Tripoli,Others,6448.4,2012,Libya,150000,6,6,4,5,0.6,0.6,0.4,0.5,0.48,2012,414.9621976074868,2675.8422350521178
Benghazi,Raw Materials,3301.9,2012,Libya,160000,5,7,5,6,0.5,0.7,0.5,0.6,0.44000000000000006,2012,414.9621976074868,1370.1636802801609
Benghazi,Manufactured Goods,2128.0,2012,Libya,160000,5,7,5,6,0.5,0.7,0.5,0.6,0.44000000000000006,2012,414.9621976074868,883.039556508732
Benghazi,Perishables,3490.2,2012,Libya,160000,5,7,5,6,0.5,0.7,0.5,0.6,0.44000000000000006,2012,414.9621976074868,1448.3010620896505
Benghazi,Machinery,2016.7,2012,Libya,160000,5,7,5,6,0.5,0.7,0.5,0.6,0.44000000000000006,2012,414.9621976074868,836.8542639150187
Benghazi,Others,4309.2,2012,Libya,160000,5,7,5,6,0.5,0.7,0.5,0.6,0.44000000000000006,2012,414.9621976074868,1788.1551019301821
Misurata,Raw Materials,6090.7,2012,Libya,140000,5,6,4,5,0.5,0.6,0.4,0.5,0.51,2012,414.9621976074868,2527.41025696792
Misurata,Manufactured Goods,1644.3,2012,Libya,140000,5,6,4,5,0.5,0.6,0.4,0.5,0.51,2012,414.9621976074868,682.3223415259905
Misurata,Perishables,4162.9,2012,Libya,140000,5,6,4,5,0.5,0.6,0.4,0.5,0.51,2012,414.9621976074868,1727.4461324202066
Misurata,Machinery,3366.3,2012,Libya,140000,5,6,4,5,0.5,0.6,0.4,0.5,0.51,2012,414.9621976074868,1396.8872458060828
Misurata,Others,2275.0,2012,Libya,140000,5,6,4,5,0.5,0.6,0.4,0.5,0.51,2012,414.9621976074868,944.0389995570325
Alexandria,Raw Materials,2634.0,2013,Egypt,200000,8,9,7,8,0.8,0.9,0.7,0.8,0.20999999999999996,2013,568.6875654766195,1497.923047465416
Alexandria,Manufactured Goods,6956.0,2013,Egypt,200000,8,9,7,8,0.8,0.9,0.7,0.8,0.20999999999999996,2013,568.6875654766195,3955.7907054553652
Alexandria,Perishables,4016.0,2013,Egypt,200000,8,9,7,8,0.8,0.9,0.7,0.8,0.20999999999999996,2013,568.6875654766195,2283.849262954104
Alexandria,Machinery,4309.0,2013,Egypt,200000,8,9,7,8,0.8,0.9,0.7,0.8,0.20999999999999996,2013,568.6875654766195,2450.474719638754
Alexandria,Others,929.0,2013,Egypt,200000,8,9,7,8,0.8,0.9,0.7,0.8,0.20999999999999996,2013,568.6875654766195,528.3107483277796
Damietta,Raw Materials,4529.0,2013,Egypt,180000,7,8,7,7,0.7,0.8,0.7,0.7,0.28,2013,568.6875654766195,2575.5859840436096
Damietta,Manufactured Goods,9038.0,2013,Egypt,180000,7,8,7,7,0.7,0.8,0.7,0.7,0.28,2013,568.6875654766195,5139.798216777687
Damietta,Perishables,2735.0,2013,Egypt,180000,7,8,7,7,0.7,0.8,0.7,0.7,0.28,2013,568.6875654766195,1555.3604915785543
Damietta,Machinery,762.0,2013,Egypt,180000,7,8,7,7,0.7,0.8,0.7,0.7,0.28,2013,568.6875654766195,433.33992489318405
Damietta,Others,8254.0,2013,Egypt,180000,7,8,7,7,0.7,0.8,0.7,0.7,0.28,2013,568.6875654766195,4693.947165444018
Port Said,Raw Materials,9240.0,2013,Egypt,220000,9,9,8,9,0.9,0.9,0.8,0.9,0.1299999999999999,2013,568.6875654766195,5254.673105003964
Port Said,Manufactured Goods,3420.0,2013,Egypt,220000,9,9,8,9,0.9,0.9,0.8,0.9,0.1299999999999999,2013,568.6875654766195,1944.9114739300387
Port Said,Perishables,3061.0,2013,Egypt,220000,9,9,8,9,0.9,0.9,0.8,0.9,0.1299999999999999,2013,568.6875654766195,1740.7526379239323
Port Said,Machinery,3364.0,2013,Egypt,220000,9,9,8,9,0.9,0.9,0.8,0.9,0.1299999999999999,2013,568.6875654766195,1913.064970263348
Port Said,Others,4951.0,2013,Egypt,220000,9,9,8,9,0.9,0.9,0.8,0.9,0.1299999999999999,2013,568.6875654766195,2815.572136674743
Tripoli,Raw Materials,7760.0,2013,Libya,150000,6,6,4,5,0.6,0.6,0.4,0.5,0.48,2013,568.6875654766195,4413.015508098568
Tripoli,Manufactured Goods,9283.0,2013,Libya,150000,6,6,4,5,0.6,0.6,0.4,0.5,0.48,2013,568.6875654766195,5279.126670319459
Tripoli,Perishables,714.0,2013,Libya,150000,6,6,4,5,0.6,0.6,0.4,0.5,0.48,2013,568.6875654766195,406.04292175030633
Tripoli,Machinery,7022.0,2013,Libya,150000,6,6,4,5,0.6,0.6,0.4,0.5,0.48,2013,568.6875654766195,3993.324084776822
Tripoli,Others,4956.0,2013,Libya,150000,6,6,4,5,0.6,0.6,0.4,0.5,0.48,2013,568.6875654766195,2818.415574502126
Benghazi,Raw Materials,5273.0,2013,Libya,160000,5,7,5,6,0.5,0.7,0.5,0.6,0.44000000000000006,2013,568.6875654766195,2998.6895327582147
Benghazi,Manufactured Goods,9452.0,2013,Libya,160000,5,7,5,6,0.5,0.7,0.5,0.6,0.44000000000000006,2013,568.6875654766195,5375.234868885008
Benghazi,Perishables,3064.0,2013,Libya,160000,5,7,5,6,0.5,0.7,0.5,0.6,0.44000000000000006,2013,568.6875654766195,1742.4587006203622
Benghazi,Machinery,8753.0,2013,Libya,160000,5,7,5,6,0.5,0.7,0.5,0.6,0.44000000000000006,2013,568.6875654766195,4977.722260616851
Benghazi,Others,6916.0,2013,Libya,160000,5,7,5,6,0.5,0.7,0.5,0.6,0.44000000000000006,2013,568.6875654766195,3933.0432028363007
Misurata,Raw Materials,7753.0,2013,Libya,140000,5,6,4,5,0.5,0.6,0.4,0.5,0.51,2013,568.6875654766195,4409.034695140232
Misurata,Manufactured Goods,6529.0,2013,Libya,140000,5,6,4,5,0.5,0.6,0.4,0.5,0.51,2013,568.6875654766195,3712.9611149968487
Misurata,Perishables,7840.0,2013,Libya,140000,5,6,4,5,0.5,0.6,0.4,0.5,0.51,2013,568.6875654766195,4458.510513336697
Misurata,Machinery,9708.0,2013,Libya,140000,5,6,4,5,0.5,0.6,0.4,0.5,0.51,2013,568.6875654766195,5520.818885647022
Misurata,Others,2278.0,2013,Libya,140000,5,6,4,5,0.5,0.6,0.4,0.5,0.51,2013,568.6875654766195,1295.4702741557392
Alexandria,Raw Materials,5337.0,2014,Egypt,200000,8,9,7,8,0.8,0.9,0.7,0.8,0.20999999999999996,2014,317.7971752678868,1696.083524404712
Alexandria,Manufactured Goods,671.0,2014,Egypt,200000,8,9,7,8,0.8,0.9,0.7,0.8,0.20999999999999996,2014,317.7971752678868,213.24190460475205
Alexandria,Perishables,6641.0,2014,Egypt,200000,8,9,7,8,0.8,0.9,0.7,0.8,0.20999999999999996,2014,317.7971752678868,2110.491040954036
Alexandria,Machinery,5053.0,2014,Egypt,200000,8,9,7,8,0.8,0.9,0.7,0.8,0.20999999999999996,2014,317.7971752678868,1605.829126628632
Alexandria,Others,9578.0,2014,Egypt,200000,8,9,7,8,0.8,0.9,0.7,0.8,0.20999999999999996,2014,317.7971752678868,3043.8613447158195
Damietta,Raw Materials,1521.0,2014,Egypt,180000,7,8,7,7,0.7,0.8,0.7,0.7,0.28,2014,317.7971752678868,483.3695035824559
Damietta,Manufactured Goods,8740.0,2014,Egypt,180000,7,8,7,7,0.7,0.8,0.7,0.7,0.28,2014,317.7971752678868,2777.547311841331
Damietta,Perishables,8420.0,2014,Egypt,180000,7,8,7,7,0.7,0.8,0.7,0.7,0.28,2014,317.7971752678868,2675.852215755607
Damietta,Machinery,5860.0,2014,Egypt,180000,7,8,7,7,0.7,0.8,0.7,0.7,0.28,2014,317.7971752678868,1862.2914470698167
Damietta,Others,9005.0,2014,Egypt,180000,7,8,7,7,0.7,0.8,0.7,0.7,0.28,2014,317.7971752678868,2861.7635632873207
Port Said,Raw Materials,1811.0,2014,Egypt,220000,9,9,8,9,0.9,0.9,0.8,0.9,0.1299999999999999,2014,317.7971752678868,575.5306844101431
Port Said,Manufactured Goods,8482.0,2014,Egypt,220000,9,9,8,9,0.9,0.9,0.8,0.9,0.1299999999999999,2014,317.7971752678868,2695.555640622216
Port Said,Perishables,3278.0,2014,Egypt,220000,9,9,8,9,0.9,0.9,0.8,0.9,0.1299999999999999,2014,317.7971752678868,1041.739140528133
Port Said,Machinery,2780.0,2014,Egypt,220000,9,9,8,9,0.9,0.9,0.8,0.9,0.1299999999999999,2014,317.7971752678868,883.4761472447253
Port Said,Others,2007.0,2014,Egypt,220000,9,9,8,9,0.9,0.9,0.8,0.9,0.1299999999999999,2014,317.7971752678868,637.8189307626488
Tripoli,Raw Materials,9832.0,2014,Libya,150000,6,6,4,5,0.6,0.6,0.4,0.5,0.48,2014,317.7971752678868,3124.581827233863
Tripoli,Manufactured Goods,4703.0,2014,Libya,150000,6,6,4,5,0.6,0.6,0.4,0.5,0.48,2014,317.7971752678868,1494.6001152848717
Tripoli,Perishables,9001.0,2014,Libya,150000,6,6,4,5,0.6,0.6,0.4,0.5,0.48,2014,317.7971752678868,2860.4923745862493
Tripoli,Machinery,2879.0,2014,Libya,150000,6,6,4,5,0.6,0.6,0.4,0.5,0.48,2014,317.7971752678868,914.9380675962461
Tripoli,Others,5046.0,2014,Libya,150000,6,6,4,5,0.6,0.6,0.4,0.5,0.48,2014,317.7971752678868,1603.6045464017568
Benghazi,Raw Materials,6040.0,2014,Libya,160000,5,7,5,6,0.5,0.7,0.5,0.6,0.44000000000000006,2014,317.7971752678868,1919.4949386180365
Benghazi,Manufactured Goods,7108.0,2014,Libya,160000,5,7,5,6,0.5,0.7,0.5,0.6,0.44000000000000006,2014,317.7971752678868,2258.9023218041393
Benghazi,Perishables,3151.0,2014,Libya,160000,5,7,5,6,0.5,0.7,0.5,0.6,0.44000000000000006,2014,317.7971752678868,1001.3788992691113
Benghazi,Machinery,9440.0,2014,Libya,160000,5,7,5,6,0.5,0.7,0.5,0.6,0.44000000000000006,2014,317.7971752678868,3000.005334528851
Benghazi,Others,7780.0,2014,Libya,160000,5,7,5,6,0.5,0.7,0.5,0.6,0.44000000000000006,2014,317.7971752678868,2472.4620235841594
Misurata,Raw Materials,8944.0,2014,Libya,140000,5,6,4,5,0.5,0.6,0.4,0.5,0.51,2014,317.7971752678868,2842.3779355959796
Misurata,Manufactured Goods,1788.0,2014,Libya,140000,5,6,4,5,0.5,0.6,0.4,0.5,0.51,2014,317.7971752678868,568.2213493789816
Misurata,Perishables,3986.0,2014,Libya,140000,5,6,4,5,0.5,0.6,0.4,0.5,0.51,2014,317.7971752678868,1266.7395406177968
Misurata,Machinery,2575.0,2014,Libya,140000,5,6,4,5,0.5,0.6,0.4,0.5,0.51,2014,317.7971752678868,818.3277263148086
Misurata,Others,9730.0,2014,Libya,140000,5,6,4,5,0.5,0.6,0.4,0.5,0.51,2014,317.7971752678868,3092.1665153565386
Alexandria,Raw Materials,890.0,2015,Egypt,200000,8,9,7,8,0.8,0.9,0.7,0.8,0.20999999999999996,2015,542.9874166575266,483.2588008251987
Alexandria,Manufactured Goods,7563.0,2015,Egypt,200000,8,9,7,8,0.8,0.9,0.7,0.8,0.20999999999999996,2015,542.9874166575266,4106.613832180874
Alexandria,Perishables,5254.0,2015,Egypt,200000,8,9,7,8,0.8,0.9,0.7,0.8,0.20999999999999996,2015,542.9874166575266,2852.855887118645
Alexandria,Machinery,4963.0,2015,Egypt,200000,8,9,7,8,0.8,0.9,0.7,0.8,0.20999999999999996,2015,542.9874166575266,2694.846548871305
Alexandria,Others,2340.0,2015,Egypt,200000,8,9,7,8,0.8,0.9,0.7,0.8,0.20999999999999996,2015,542.9874166575266,1270.5905549786123
Damietta,Raw Materials,3514.0,2015,Egypt,180000,7,8,7,7,0.7,0.8,0.7,0.7,0.28,2015,542.9874166575266,1908.0577821345485
Damietta,Manufactured Goods,4764.0,2015,Egypt,180000,7,8,7,7,0.7,0.8,0.7,0.7,0.28,2015,542.9874166575266,2586.7920529564567
Damietta,Perishables,5452.0,2015,Egypt,180000,7,8,7,7,0.7,0.8,0.7,0.7,0.28,2015,542.9874166575266,2960.3673956168354
Damietta,Machinery,7162.0,2015,Egypt,180000,7,8,7,7,0.7,0.8,0.7,0.7,0.28,2015,542.9874166575266,3888.875878101206
Damietta,Others,8254.0,2015,Egypt,180000,7,8,7,7,0.7,0.8,0.7,0.7,0.28,2015,542.9874166575266,4481.818137091225
Port Said,Raw Materials,3342.0,2015,Egypt,220000,9,9,8,9,0.9,0.9,0.8,0.9,0.1299999999999999,2015,542.9874166575266,1814.663946469454
Port Said,Manufactured Goods,9844.0,2015,Egypt,220000,9,9,8,9,0.9,0.9,0.8,0.9,0.1299999999999999,2015,542.9874166575266,5345.168129576692
Port Said,Perishables,4807.0,2015,Egypt,220000,9,9,8,9,0.9,0.9,0.8,0.9,0.1299999999999999,2015,542.9874166575266,2610.1405118727307
Port Said,Machinery,4418.0,2015,Egypt,220000,9,9,8,9,0.9,0.9,0.8,0.9,0.1299999999999999,2015,542.9874166575266,2398.9184067929527
Port Said,Others,9311.0,2015,Egypt,220000,9,9,8,9,0.9,0.9,0.8,0.9,0.1299999999999999,2015,542.9874166575266,5055.755836498231
Tripoli,Raw Materials,4231.0,2015,Libya,150000,6,6,4,5,0.6,0.6,0.4,0.5,0.48,2015,542.9874166575266,2297.379759877995
Tripoli,Manufactured Goods,5319.0,2015,Libya,150000,6,6,4,5,0.6,0.6,0.4,0.5,0.48,2015,542.9874166575266,2888.150069201384
Tripoli,Perishables,5302.0,2015,Libya,150000,6,6,4,5,0.6,0.6,0.4,0.5,0.48,2015,542.9874166575266,2878.9192831182063
Tripoli,Machinery,8383.0,2015,Libya,150000,6,6,4,5,0.6,0.6,0.4,0.5,0.48,2015,542.9874166575266,4551.863513840046
Tripoli,Others,8603.0,2015,Libya,150000,6,6,4,5,0.6,0.6,0.4,0.5,0.48,2015,542.9874166575266,4671.320745504701
Benghazi,Raw Materials,1673.0,2015,Libya,160000,5,7,5,6,0.5,0.7,0.5,0.6,0.44000000000000006,2015,542.9874166575266,908.417948068042
Benghazi,Manufactured Goods,1810.0,2015,Libya,160000,5,7,5,6,0.5,0.7,0.5,0.6,0.44000000000000006,2015,542.9874166575266,982.8072241501231
Benghazi,Perishables,2978.0,2015,Libya,160000,5,7,5,6,0.5,0.7,0.5,0.6,0.44000000000000006,2015,542.9874166575266,1617.0165268061141
Benghazi,Machinery,8136.0,2015,Libya,160000,5,7,5,6,0.5,0.7,0.5,0.6,0.44000000000000006,2015,542.9874166575266,4417.745621925637
Benghazi,Others,8287.0,2015,Libya,160000,5,7,5,6,0.5,0.7,0.5,0.6,0.44000000000000006,2015,542.9874166575266,4499.736721840924
Misurata,Raw Materials,2569.0,2015,Libya,140000,5,6,4,5,0.5,0.6,0.4,0.5,0.51,2015,542.9874166575266,1394.934673393186
Misurata,Manufactured Goods,9849.0,2015,Libya,140000,5,6,4,5,0.5,0.6,0.4,0.5,0.51,2015,542.9874166575266,5347.88306665998
Misurata,Perishables,7817.0,2015,Libya,140000,5,6,4,5,0.5,0.6,0.4,0.5,0.51,2015,542.9874166575266,4244.532636011885
Misurata,Machinery,7335.0,2015,Libya,140000,5,6,4,5,0.5,0.6,0.4,0.5,0.51,2015,542.9874166575266,3982.812701182958
Misurata,Others,5191.0,2015,Libya,140000,5,6,4,5,0.5,0.6,0.4,0.5,0.51,2015,542.9874166575266,2818.6476798692206
Alexandria,Raw Materials,8501.0,2016,Egypt,200000,8,9,7,8,0.8,0.9,0.7,0.8,0.20999999999999996,2016,543.1713114126801,4617.499318319193
Alexandria,Manufactured Goods,8695.0,2016,Egypt,200000,8,9,7,8,0.8,0.9,0.7,0.8,0.20999999999999996,2016,543.1713114126801,4722.874552733254
Alexandria,Perishables,2012.0,2016,Egypt,200000,8,9,7,8,0.8,0.9,0.7,0.8,0.20999999999999996,2016,543.1713114126801,1092.8606785623124
Alexandria,Machinery,6336.0,2016,Egypt,200000,8,9,7,8,0.8,0.9,0.7,0.8,0.20999999999999996,2016,543.1713114126801,3441.533429110741
Alexandria,Others,1025.0,2016,Egypt,200000,8,9,7,8,0.8,0.9,0.7,0.8,0.20999999999999996,2016,543.1713114126801,556.7505941979971
Damietta,Raw Materials,2686.0,2016,Egypt,180000,7,8,7,7,0.7,0.8,0.7,0.7,0.28,2016,543.1713114126801,1458.9581424544585
Damietta,Manufactured Goods,5452.0,2016,Egypt,180000,7,8,7,7,0.7,0.8,0.7,0.7,0.28,2016,543.1713114126801,2961.369989821932
Damietta,Perishables,8362.0,2016,Egypt,180000,7,8,7,7,0.7,0.8,0.7,0.7,0.28,2016,543.1713114126801,4541.998506032831
Damietta,Machinery,4726.0,2016,Egypt,180000,7,8,7,7,0.7,0.8,0.7,0.7,0.28,2016,543.1713114126801,2567.027617736326
Damietta,Others,7124.0,2016,Egypt,180000,7,8,7,7,0.7,0.8,0.7,0.7,0.28,2016,543.1713114126801,3869.552422503933
Port Said,Raw Materials,3215.0,2016,Egypt,220000,9,9,8,9,0.9,0.9,0.8,0.9,0.1299999999999999,2016,543.1713114126801,1746.2957661917667
Port Said,Manufactured Goods,8123.0,2016,Egypt,220000,9,9,8,9,0.9,0.9,0.8,0.9,0.1299999999999999,2016,543.1713114126801,4412.1805626052
Port Said,Perishables,987.0,2016,Egypt,220000,9,9,8,9,0.9,0.9,0.8,0.9,0.1299999999999999,2016,543.1713114126801,536.1100843643153
Port Said,Machinery,2294.0,2016,Egypt,220000,9,9,8,9,0.9,0.9,0.8,0.9,0.1299999999999999,2016,543.1713114126801,1246.0349883806882
Port Said,Others,4142.0,2016,Egypt,220000,9,9,8,9,0.9,0.9,0.8,0.9,0.1299999999999999,2016,543.1713114126801,2249.815571871321
Tripoli,Raw Materials,2575.0,2016,Libya,150000,6,6,4,5,0.6,0.6,0.4,0.5,0.48,2016,543.1713114126801,1398.6661268876512
Tripoli,Manufactured Goods,6520.0,2016,Libya,150000,6,6,4,5,0.6,0.6,0.4,0.5,0.48,2016,543.1713114126801,3541.4769504106744
Tripoli,Perishables,4905.0,2016,Libya,150000,6,6,4,5,0.6,0.6,0.4,0.5,0.48,2016,543.1713114126801,2664.255282479196
Tripoli,Machinery,2954.0,2016,Libya,150000,6,6,4,5,0.6,0.6,0.4,0.5,0.48,2016,543.1713114126801,1604.5280539130572
Tripoli,Others,5012.0,2016,Libya,150000,6,6,4,5,0.6,0.6,0.4,0.5,0.48,2016,543.1713114126801,2722.3746128003527
Benghazi,Raw Materials,1281.0,2016,Libya,160000,5,7,5,6,0.5,0.7,0.5,0.6,0.44000000000000006,2016,543.1713114126801,695.8024499196432
Benghazi,Manufactured Goods,9091.0,2016,Libya,160000,5,7,5,6,0.5,0.7,0.5,0.6,0.44000000000000006,2016,543.1713114126801,4937.9703920526745
Benghazi,Perishables,2021.0,2016,Libya,160000,5,7,5,6,0.5,0.7,0.5,0.6,0.44000000000000006,2016,543.1713114126801,1097.7492203650265
Benghazi,Machinery,6463.0,2016,Libya,160000,5,7,5,6,0.5,0.7,0.5,0.6,0.44000000000000006,2016,543.1713114126801,3510.516185660151
Benghazi,Others,8779.0,2016,Libya,160000,5,7,5,6,0.5,0.7,0.5,0.6,0.44000000000000006,2016,543.1713114126801,4768.500942891918
Misurata,Raw Materials,976.0,2016,Libya,140000,5,6,4,5,0.5,0.6,0.4,0.5,0.51,2016,543.1713114126801,530.1351999387757
Misurata,Manufactured Goods,8087.0,2016,Libya,140000,5,6,4,5,0.5,0.6,0.4,0.5,0.51,2016,543.1713114126801,4392.6263953943435
Misurata,Perishables,6307.0,2016,Libya,140000,5,6,4,5,0.5,0.6,0.4,0.5,0.51,2016,543.1713114126801,3425.7814610797736
Misurata,Machinery,5168.0,2016,Libya,140000,5,6,4,5,0.5,0.6,0.4,0.5,0.51,2016,543.1713114126801,2807.1093373807307
Misurata,Others,6286.0,2016,Libya,140000,5,6,4,5,0.5,0.6,0.4,0.5,0.51,2016,543.1713114126801,3414.374863540107
Alexandria,Raw Materials,2213.0,2017,Egypt,200000,8,9,7,8,0.8,0.9,0.7,0.8,0.20999999999999996,2017,402.5745629058533,890.8975077106534
Alexandria,Manufactured Goods,1214.0,2017,Egypt,200000,8,9,7,8,0.8,0.9,0.7,0.8,0.20999999999999996,2017,402.5745629058533,488.72551936770594
Alexandria,Perishables,997.0,2017,Egypt,200000,8,9,7,8,0.8,0.9,0.7,0.8,0.20999999999999996,2017,402.5745629058533,401.36683921713575
Alexandria,Machinery,9332.0,2017,Egypt,200000,8,9,7,8,0.8,0.9,0.7,0.8,0.20999999999999996,2017,402.5745629058533,3756.8258210374233
Alexandria,Others,7794.0,2017,Egypt,200000,8,9,7,8,0.8,0.9,0.7,0.8,0.20999999999999996,2017,402.5745629058533,3137.6661432882206
Damietta,Raw Materials,7060.0,2017,Egypt,180000,7,8,7,7,0.7,0.8,0.7,0.7,0.28,2017,402.5745629058533,2842.1764141153244
Damietta,Manufactured Goods,8603.0,2017,Egypt,180000,7,8,7,7,0.7,0.8,0.7,0.7,0.28,2017,402.5745629058533,3463.3489646790563
Damietta,Perishables,5391.0,2017,Egypt,180000,7,8,7,7,0.7,0.8,0.7,0.7,0.28,2017,402.5745629058533,2170.279468625455
Damietta,Machinery,8452.0,2017,Egypt,180000,7,8,7,7,0.7,0.8,0.7,0.7,0.28,2017,402.5745629058533,3402.5602056802727
Damietta,Others,1226.0,2017,Egypt,180000,7,8,7,7,0.7,0.8,0.7,0.7,0.28,2017,402.5745629058533,493.5564141225762
Port Said,Raw Materials,3512.0,2017,Egypt,220000,9,9,8,9,0.9,0.9,0.8,0.9,0.1299999999999999,2017,402.5745629058533,1413.8418649253567
Port Said,Manufactured Goods,3456.0,2017,Egypt,220000,9,9,8,9,0.9,0.9,0.8,0.9,0.1299999999999999,2017,402.5745629058533,1391.2976894026292
Port Said,Perishables,7374.0,2017,Egypt,220000,9,9,8,9,0.9,0.9,0.8,0.9,0.1299999999999999,2017,402.5745629058533,2968.5848268677623
Port Said,Machinery,4388.0,2017,Egypt,220000,9,9,8,9,0.9,0.9,0.8,0.9,0.1299999999999999,2017,402.5745629058533,1766.4971820308842
Port Said,Others,2591.0,2017,Egypt,220000,9,9,8,9,0.9,0.9,0.8,0.9,0.1299999999999999,2017,402.5745629058533,1043.070692489066
Tripoli,Raw Materials,5447.0,2017,Libya,150000,6,6,4,5,0.6,0.6,0.4,0.5,0.48,2017,402.5745629058533,2192.823644148183
Tripoli,Manufactured Goods,3944.0,2017,Libya,150000,6,6,4,5,0.6,0.6,0.4,0.5,0.48,2017,402.5745629058533,1587.7540761006856
Tripoli,Perishables,4043.0,2017,Libya,150000,6,6,4,5,0.6,0.6,0.4,0.5,0.48,2017,402.5745629058533,1627.608957828365
Tripoli,Machinery,1373.0,2017,Libya,150000,6,6,4,5,0.6,0.6,0.4,0.5,0.48,2017,402.5745629058533,552.7348748697366
Tripoli,Others,9463.0,2017,Libya,150000,6,6,4,5,0.6,0.6,0.4,0.5,0.48,2017,402.5745629058533,3809.5630887780903
Benghazi,Raw Materials,9788.0,2017,Libya,160000,5,7,5,6,0.5,0.7,0.5,0.6,0.44000000000000006,2017,402.5745629058533,3940.3998217224926
Benghazi,Manufactured Goods,1048.0,2017,Libya,160000,5,7,5,6,0.5,0.7,0.5,0.6,0.44000000000000006,2017,402.5745629058533,421.8981419253343
Benghazi,Perishables,1066.0,2017,Libya,160000,5,7,5,6,0.5,0.7,0.5,0.6,0.44000000000000006,2017,402.5745629058533,429.14448405763966
Benghazi,Machinery,6336.0,2017,Libya,160000,5,7,5,6,0.5,0.7,0.5,0.6,0.44000000000000006,2017,402.5745629058533,2550.7124305714865
Benghazi,Others,3625.0,2017,Libya,160000,5,7,5,6,0.5,0.7,0.5,0.6,0.44000000000000006,2017,402.5745629058533,1459.3327905337185
Misurata,Raw Materials,2094.0,2017,Libya,140000,5,6,4,5,0.5,0.6,0.4,0.5,0.51,2017,402.5745629058533,842.9911347248568
Misurata,Manufactured Goods,2958.0,2017,Libya,140000,5,6,4,5,0.5,0.6,0.4,0.5,0.51,2017,402.5745629058533,1190.8155570755143
Misurata,Perishables,2849.0,2017,Libya,140000,5,6,4,5,0.5,0.6,0.4,0.5,0.51,2017,402.5745629058533,1146.9349297187762
Misurata,Machinery,8623.0,2017,Libya,140000,5,6,4,5,0.5,0.6,0.4,0.5,0.51,2017,402.5745629058533,3471.4004559371733
Misurata,Others,6327.0,2017,Libya,140000,5,6,4,5,0.5,0.6,0.4,0.5,0.51,2017,402.5745629058533,2547.0892595053338
Alexandria,Raw Materials,2738.0,2018,Egypt,200000,8,9,7,8,0.8,0.9,0.7,0.8,0.20999999999999996,2018,450.9760990296029,1234.7725591430526
Alexandria,Manufactured Goods,3951.0,2018,Egypt,200000,8,9,7,8,0.8,0.9,0.7,0.8,0.20999999999999996,2018,450.9760990296029,1781.8065672659611
Alexandria,Perishables,6157.0,2018,Egypt,200000,8,9,7,8,0.8,0.9,0.7,0.8,0.20999999999999996,2018,450.9760990296029,2776.6598417252653
Alexandria,Machinery,5546.0,2018,Egypt,200000,8,9,7,8,0.8,0.9,0.7,0.8,0.20999999999999996,2018,450.9760990296029,2501.1134452181777
Alexandria,Others,3277.0,2018,Egypt,200000,8,9,7,8,0.8,0.9,0.7,0.8,0.20999999999999996,2018,450.9760990296029,1477.8486765200087
Damietta,Raw Materials,2104.0,2018,Egypt,180000,7,8,7,7,0.7,0.8,0.7,0.7,0.28,2018,450.9760990296029,948.8537123582845
Damietta,Manufactured Goods,615.0,2018,Egypt,180000,7,8,7,7,0.7,0.8,0.7,0.7,0.28,2018,450.9760990296029,277.3503009032058
Damietta,Perishables,7565.0,2018,Egypt,180000,7,8,7,7,0.7,0.8,0.7,0.7,0.28,2018,450.9760990296029,3411.634189158946
Damietta,Machinery,5585.0,2018,Egypt,180000,7,8,7,7,0.7,0.8,0.7,0.7,0.28,2018,450.9760990296029,2518.701513080332
Damietta,Others,3752.0,2018,Egypt,180000,7,8,7,7,0.7,0.8,0.7,0.7,0.28,2018,450.9760990296029,1692.06232355907
Port Said,Raw Materials,4776.0,2018,Egypt,220000,9,9,8,9,0.9,0.9,0.8,0.9,0.1299999999999999,2018,450.9760990296029,2153.8618489653836
Port Said,Manufactured Goods,8037.0,2018,Egypt,220000,9,9,8,9,0.9,0.9,0.8,0.9,0.1299999999999999,2018,450.9760990296029,3624.4949079009184
Port Said,Perishables,8908.0,2018,Egypt,220000,9,9,8,9,0.9,0.9,0.8,0.9,0.1299999999999999,2018,450.9760990296029,4017.2950901557024
Port Said,Machinery,6951.0,2018,Egypt,220000,9,9,8,9,0.9,0.9,0.8,0.9,0.1299999999999999,2018,450.9760990296029,3134.73486435477
Port Said,Others,7677.0,2018,Egypt,220000,9,9,8,9,0.9,0.9,0.8,0.9,0.1299999999999999,2018,450.9760990296029,3462.143512250261
Tripoli,Raw Materials,4834.0,2018,Libya,150000,6,6,4,5,0.6,0.6,0.4,0.5,0.48,2018,450.9760990296029,2180.0184627091003
Tripoli,Manufactured Goods,1781.0,2018,Libya,150000,6,6,4,5,0.6,0.6,0.4,0.5,0.48,2018,450.9760990296029,803.1884323717228
Tripoli,Perishables,5481.0,2018,Libya,150000,6,6,4,5,0.6,0.6,0.4,0.5,0.48,2018,450.9760990296029,2471.7999987812536
Tripoli,Machinery,521.0,2018,Libya,150000,6,6,4,5,0.6,0.6,0.4,0.5,0.48,2018,450.9760990296029,234.95854759442312
Tripoli,Others,1889.0,2018,Libya,150000,6,6,4,5,0.6,0.6,0.4,0.5,0.48,2018,450.9760990296029,851.8938510669199
Benghazi,Raw Materials,8885.0,2018,Libya,160000,5,7,5,6,0.5,0.7,0.5,0.6,0.44000000000000006,2018,450.9760990296029,4006.9226398780215
Benghazi,Manufactured Goods,3642.0,2018,Libya,160000,5,7,5,6,0.5,0.7,0.5,0.6,0.44000000000000006,2018,450.9760990296029,1642.4549526658138
Benghazi,Perishables,7152.0,2018,Libya,160000,5,7,5,6,0.5,0.7,0.5,0.6,0.44000000000000006,2018,450.9760990296029,3225.38106025972
Benghazi,Machinery,584.0,2018,Libya,160000,5,7,5,6,0.5,0.7,0.5,0.6,0.44000000000000006,2018,450.9760990296029,263.3700418332881
Benghazi,Others,4997.0,2018,Libya,160000,5,7,5,6,0.5,0.7,0.5,0.6,0.44000000000000006,2018,450.9760990296029,2253.5275668509257
Misurata,Raw Materials,5317.0,2018,Libya,140000,5,6,4,5,0.5,0.6,0.4,0.5,0.51,2018,450.9760990296029,2397.8399185403987
Misurata,Manufactured Goods,1979.0,2018,Libya,140000,5,6,4,5,0.5,0.6,0.4,0.5,0.51,2018,450.9760990296029,892.481699979584
Misurata,Perishables,1409.0,2018,Libya,140000,5,6,4,5,0.5,0.6,0.4,0.5,0.51,2018,450.9760990296029,635.4253235327104
Misurata,Machinery,1814.0,2018,Libya,140000,5,6,4,5,0.5,0.6,0.4,0.5,0.51,2018,450.9760990296029,818.0706436396997
Misurata,Others,5812.0,2018,Libya,140000,5,6,4,5,0.5,0.6,0.4,0.5,0.51,2018,450.9760990296029,2621.073087560052
Alexandria,Raw Materials,8716.0,2019,Egypt,200000,8,9,7,8,0.8,0.9,0.7,0.8,0.20999999999999996,2019,411.9780854269361,3590.8009925811753
Alexandria,Manufactured Goods,2762.0,2019,Egypt,200000,8,9,7,8,0.8,0.9,0.7,0.8,0.20999999999999996,2019,411.9780854269361,1137.8834719491977
Alexandria,Perishables,2841.0,2019,Egypt,200000,8,9,7,8,0.8,0.9,0.7,0.8,0.20999999999999996,2019,411.9780854269361,1170.4297406979254
Alexandria,Machinery,7471.0,2019,Egypt,200000,8,9,7,8,0.8,0.9,0.7,0.8,0.20999999999999996,2019,411.9780854269361,3077.88827622464
Alexandria,Others,7278.0,2019,Egypt,200000,8,9,7,8,0.8,0.9,0.7,0.8,0.20999999999999996,2019,411.9780854269361,2998.3765057372407
Damietta,Raw Materials,9090.0,2019,Egypt,180000,7,8,7,7,0.7,0.8,0.7,0.7,0.28,2019,411.9780854269361,3744.8807965308492
Damietta,Manufactured Goods,1946.0,2019,Egypt,180000,7,8,7,7,0.7,0.8,0.7,0.7,0.28,2019,411.9780854269361,801.7093542408177
Damietta,Perishables,6081.0,2019,Egypt,180000,7,8,7,7,0.7,0.8,0.7,0.7,0.28,2019,411.9780854269361,2505.2387374811983
Damietta,Machinery,4287.0,2019,Egypt,180000,7,8,7,7,0.7,0.8,0.7,0.7,0.28,2019,411.9780854269361,1766.150052225275
Damietta,Others,7433.0,2019,Egypt,180000,7,8,7,7,0.7,0.8,0.7,0.7,0.28,2019,411.9780854269361,3062.2331089784157
Port Said,Raw Materials,3605.0,2019,Egypt,220000,9,9,8,9,0.9,0.9,0.8,0.9,0.1299999999999999,2019,411.9780854269361,1485.1809979641046
Port Said,Manufactured Goods,4071.0,2019,Egypt,220000,9,9,8,9,0.9,0.9,0.8,0.9,0.1299999999999999,2019,411.9780854269361,1677.1627857730568
Port Said,Perishables,3430.0,2019,Egypt,220000,9,9,8,9,0.9,0.9,0.8,0.9,0.1299999999999999,2019,411.9780854269361,1413.0848330143908
Port Said,Machinery,1752.0,2019,Egypt,220000,9,9,8,9,0.9,0.9,0.8,0.9,0.1299999999999999,2019,411.9780854269361,721.7856056679921
Port Said,Others,1970.0,2019,Egypt,220000,9,9,8,9,0.9,0.9,0.8,0.9,0.1299999999999999,2019,411.9780854269361,811.5968282910642
Tripoli,Raw Materials,2672.0,2019,Libya,150000,6,6,4,5,0.6,0.6,0.4,0.5,0.48,2019,411.9780854269361,1100.8054442607734
Tripoli,Manufactured Goods,543.0,2019,Libya,150000,6,6,4,5,0.6,0.6,0.4,0.5,0.48,2019,411.9780854269361,223.7041003868263
Tripoli,Perishables,8908.0,2019,Libya,150000,6,6,4,5,0.6,0.6,0.4,0.5,0.48,2019,411.9780854269361,3669.900784983147
Tripoli,Machinery,2562.0,2019,Libya,150000,6,6,4,5,0.6,0.6,0.4,0.5,0.48,2019,411.9780854269361,1055.4878548638103
Tripoli,Others,9630.0,2019,Libya,150000,6,6,4,5,0.6,0.6,0.4,0.5,0.48,2019,411.9780854269361,3967.348962661395
Benghazi,Raw Materials,4652.0,2019,Libya,160000,5,7,5,6,0.5,0.7,0.5,0.6,0.44000000000000006,2019,411.9780854269361,1916.5220534061068
Benghazi,Manufactured Goods,2706.0,2019,Libya,160000,5,7,5,6,0.5,0.7,0.5,0.6,0.44000000000000006,2019,411.9780854269361,1114.8126991652891
Benghazi,Perishables,9768.0,2019,Libya,160000,5,7,5,6,0.5,0.7,0.5,0.6,0.44000000000000006,2019,411.9780854269361,4024.201938450312
Benghazi,Machinery,7939.0,2019,Libya,160000,5,7,5,6,0.5,0.7,0.5,0.6,0.44000000000000006,2019,411.9780854269361,3270.6940202044457
Benghazi,Others,2661.0,2019,Libya,160000,5,7,5,6,0.5,0.7,0.5,0.6,0.44000000000000006,2019,411.9780854269361,1096.273685321077
Misurata,Raw Materials,9688.0,2019,Libya,140000,5,6,4,5,0.5,0.6,0.4,0.5,0.51,2019,411.9780854269361,3991.243691616157
Misurata,Manufactured Goods,6660.0,2019,Libya,140000,5,6,4,5,0.5,0.6,0.4,0.5,0.51,2019,411.9780854269361,2743.7740489433945
Misurata,Perishables,8216.0,2019,Libya,140000,5,6,4,5,0.5,0.6,0.4,0.5,0.51,2019,411.9780854269361,3384.8119498677074
Misurata,Machinery,7271.0,2019,Libya,140000,5,6,4,5,0.5,0.6,0.4,0.5,0.51,2019,411.9780854269361,2995.4926591392523
Misurata,Others,2914.0,2019,Libya,140000,5,6,4,5,0.5,0.6,0.4,0.5,0.51,2019,411.9780854269361,1200.5041409340918
Alexandria,Raw Materials,2716.0,2020,Egypt,200000,8,9,7,8,0.8,0.9,0.7,0.8,0.20999999999999996,2020,599.0763697690495,1627.0914202927383
Alexandria,Manufactured Goods,3329.5,2020,Egypt,200000,8,9,7,8,0.8,0.9,0.7,0.8,0.20999999999999996,2020,599.0763697690495,1994.6247731460503
Alexandria,Perishables,3838.0,2020,Egypt,200000,8,9,7,8,0.8,0.9,0.7,0.8,0.20999999999999996,2020,599.0763697690495,2299.255107173612
Alexandria,Machinery,3779.5,2020,Egypt,200000,8,9,7,8,0.8,0.9,0.7,0.8,0.20999999999999996,2020,599.0763697690495,2264.209139542123
Alexandria,Others,2156.5,2020,Egypt,200000,8,9,7,8,0.8,0.9,0.7,0.8,0.20999999999999996,2020,599.0763697690495,1291.9081914069552
Damietta,Raw Materials,3362.5,2020,Egypt,180000,7,8,7,7,0.7,0.8,0.7,0.7,0.28,2020,599.0763697690495,2014.394293348429
Damietta,Manufactured Goods,2771.5,2020,Egypt,180000,7,8,7,7,0.7,0.8,0.7,0.7,0.28,2020,599.0763697690495,1660.3401588149209
Damietta,Perishables,2682.0,2020,Egypt,180000,7,8,7,7,0.7,0.8,0.7,0.7,0.28,2020,599.0763697690495,1606.7228237205907
Damietta,Machinery,852.0,2020,Egypt,180000,7,8,7,7,0.7,0.8,0.7,0.7,0.28,2020,599.0763697690495,510.41306704323017
Damietta,Others,264.5,2020,Egypt,180000,7,8,7,7,0.7,0.8,0.7,0.7,0.28,2020,599.0763697690495,158.4556998039136
Port Said,Raw Materials,1914.0,2020,Egypt,220000,9,9,8,9,0.9,0.9,0.8,0.9,0.1299999999999999,2020,599.0763697690495,1146.6321717379608
Port Said,Manufactured Goods,4707.5,2020,Egypt,220000,9,9,8,9,0.9,0.9,0.8,0.9,0.1299999999999999,2020,599.0763697690495,2820.1520106878006
Port Said,Perishables,2457.0,2020,Egypt,220000,9,9,8,9,0.9,0.9,0.8,0.9,0.1299999999999999,2020,599.0763697690495,1471.9306405225548
Port Said,Machinery,3354.0,2020,Egypt,220000,9,9,8,9,0.9,0.9,0.8,0.9,0.1299999999999999,2020,599.0763697690495,2009.302144205392
Port Said,Others,4180.5,2020,Egypt,220000,9,9,8,9,0.9,0.9,0.8,0.9,0.1299999999999999,2020,599.0763697690495,2504.4387638195117
Tripoli,Raw Materials,918.5,2020,Libya,150000,6,6,4,5,0.6,0.6,0.4,0.5,0.48,2020,599.0763697690495,550.251645632872
Tripoli,Manufactured Goods,1179.5,2020,Libya,150000,6,6,4,5,0.6,0.6,0.4,0.5,0.48,2020,599.0763697690495,706.6105781425938
Tripoli,Perishables,2685.5,2020,Libya,150000,6,6,4,5,0.6,0.6,0.4,0.5,0.48,2020,599.0763697690495,1608.8195910147824
Tripoli,Machinery,2203.5,2020,Libya,150000,6,6,4,5,0.6,0.6,0.4,0.5,0.48,2020,599.0763697690495,1320.0647807861005
Tripoli,Others,2535.5,2020,Libya,150000,6,6,4,5,0.6,0.6,0.4,0.5,0.48,2020,599.0763697690495,1518.958135549425
Benghazi,Raw Materials,2957.0,2020,Libya,160000,5,7,5,6,0.5,0.7,0.5,0.6,0.44000000000000006,2020,599.0763697690495,1771.4688254070795
Benghazi,Manufactured Goods,3868.5,2020,Libya,160000,5,7,5,6,0.5,0.7,0.5,0.6,0.44000000000000006,2020,599.0763697690495,2317.526936451568
Benghazi,Perishables,1838.0,2020,Libya,160000,5,7,5,6,0.5,0.7,0.5,0.6,0.44000000000000006,2020,599.0763697690495,1101.102367635513
Benghazi,Machinery,717.0,2020,Libya,160000,5,7,5,6,0.5,0.7,0.5,0.6,0.44000000000000006,2020,599.0763697690495,429.5377571244085
Benghazi,Others,3202.5,2020,Libya,160000,5,7,5,6,0.5,0.7,0.5,0.6,0.44000000000000006,2020,599.0763697690495,1918.542074185381
Misurata,Raw Materials,3491.5,2020,Libya,140000,5,6,4,5,0.5,0.6,0.4,0.5,0.51,2020,599.0763697690495,2091.6751450486363
Misurata,Manufactured Goods,2148.5,2020,Libya,140000,5,6,4,5,0.5,0.6,0.4,0.5,0.51,2020,599.0763697690495,1287.1155804488028
Misurata,Perishables,3460.5,2020,Libya,140000,5,6,4,5,0.5,0.6,0.4,0.5,0.51,2020,599.0763697690495,2073.103777585796
Misurata,Machinery,2925.0,2020,Libya,140000,5,6,4,5,0.5,0.6,0.4,0.5,0.51,2020,599.0763697690495,1752.2983815744699
Misurata,Others,700.5,2020,Libya,140000,5,6,4,5,0.5,0.6,0.4,0.5,0.51,2020,599.0763697690495,419.6529970232192
Alexandria,Raw Materials,771.5,2021,Egypt,200000,8,9,7,8,0.8,0.9,0.7,0.8,0.20999999999999996,2021,649.9813189251141,501.46058755072556
Alexandria,Manufactured Goods,2963.5,2021,Egypt,200000,8,9,7,8,0.8,0.9,0.7,0.8,0.20999999999999996,2021,649.9813189251141,1926.2196386345759
Alexandria,Perishables,1877.5,2021,Egypt,200000,8,9,7,8,0.8,0.9,0.7,0.8,0.20999999999999996,2021,649.9813189251141,1220.3399262819019
Alexandria,Machinery,1433.0,2021,Egypt,200000,8,9,7,8,0.8,0.9,0.7,0.8,0.20999999999999996,2021,649.9813189251141,931.4232300196885
Alexandria,Others,1395.0,2021,Egypt,200000,8,9,7,8,0.8,0.9,0.7,0.8,0.20999999999999996,2021,649.9813189251141,906.7239399005342
Damietta,Raw Materials,1731.5,2021,Egypt,180000,7,8,7,7,0.7,0.8,0.7,0.7,0.28,2021,649.9813189251141,1125.4426537188351
Damietta,Manufactured Goods,4314.0,2021,Egypt,180000,7,8,7,7,0.7,0.8,0.7,0.7,0.28,2021,649.9813189251141,2804.0194098429424
Damietta,Perishables,2848.5,2021,Egypt,180000,7,8,7,7,0.7,0.8,0.7,0.7,0.28,2021,649.9813189251141,1851.4717869581875
Damietta,Machinery,4481.5,2021,Egypt,180000,7,8,7,7,0.7,0.8,0.7,0.7,0.28,2021,649.9813189251141,2912.8912807628985
Damietta,Others,2524.0,2021,Egypt,180000,7,8,7,7,0.7,0.8,0.7,0.7,0.28,2021,649.9813189251141,1640.552848966988
Port Said,Raw Materials,2039.0,2021,Egypt,220000,9,9,8,9,0.9,0.9,0.8,0.9,0.1299999999999999,2021,649.9813189251141,1325.3119092883076
Port Said,Manufactured Goods,3106.5,2021,Egypt,220000,9,9,8,9,0.9,0.9,0.8,0.9,0.1299999999999999,2021,649.9813189251141,2019.166967240867
Port Said,Perishables,956.5,2021,Egypt,220000,9,9,8,9,0.9,0.9,0.8,0.9,0.1299999999999999,2021,649.9813189251141,621.7071315518716
Port Said,Machinery,2877.0,2021,Egypt,220000,9,9,8,9,0.9,0.9,0.8,0.9,0.1299999999999999,2021,649.9813189251141,1869.9962545475535
Port Said,Others,3674.5,2021,Egypt,220000,9,9,8,9,0.9,0.9,0.8,0.9,0.1299999999999999,2021,649.9813189251141,2388.3563563903317
Tripoli,Raw Materials,1886.5,2021,Libya,150000,6,6,4,5,0.6,0.6,0.4,0.5,0.48,2021,649.9813189251141,1226.1897581522278
Tripoli,Manufactured Goods,1527.0,2021,Libya,150000,6,6,4,5,0.6,0.6,0.4,0.5,0.48,2021,649.9813189251141,992.5214739986493
Tripoli,Perishables,4939.0,2021,Libya,150000,6,6,4,5,0.6,0.6,0.4,0.5,0.48,2021,649.9813189251141,3210.2577341711385
Tripoli,Machinery,2395.0,2021,Libya,150000,6,6,4,5,0.6,0.6,0.4,0.5,0.48,2021,649.9813189251141,1556.7052588256483
Tripoli,Others,4280.0,2021,Libya,150000,6,6,4,5,0.6,0.6,0.4,0.5,0.48,2021,649.9813189251141,2781.9200449994887
Benghazi,Raw Materials,1248.5,2021,Libya,160000,5,7,5,6,0.5,0.7,0.5,0.6,0.44000000000000006,2021,649.9813189251141,811.501676678005
Benghazi,Manufactured Goods,3500.5,2021,Libya,160000,5,7,5,6,0.5,0.7,0.5,0.6,0.44000000000000006,2021,649.9813189251141,2275.259606897362
Benghazi,Perishables,3034.5,2021,Libya,160000,5,7,5,6,0.5,0.7,0.5,0.6,0.44000000000000006,2021,649.9813189251141,1972.3683122782588
Benghazi,Machinery,3603.5,2021,Libya,160000,5,7,5,6,0.5,0.7,0.5,0.6,0.44000000000000006,2021,649.9813189251141,2342.207682746649
Benghazi,Others,1166.0,2021,Libya,160000,5,7,5,6,0.5,0.7,0.5,0.6,0.44000000000000006,2021,649.9813189251141,757.878217866683
Misurata,Raw Materials,3129.5,2021,Libya,140000,5,6,4,5,0.5,0.6,0.4,0.5,0.51,2021,649.9813189251141,2034.1165375761445
Misurata,Manufactured Goods,1499.5,2021,Libya,140000,5,6,4,5,0.5,0.6,0.4,0.5,0.51,2021,649.9813189251141,974.6469877282086
Misurata,Perishables,4149.0,2021,Libya,140000,5,6,4,5,0.5,0.6,0.4,0.5,0.51,2021,649.9813189251141,2696.7724922202983
Misurata,Machinery,286.5,2021,Libya,140000,5,6,4,5,0.5,0.6,0.4,0.5,0.51,2021,649.9813189251141,186.2196478720452
Misurata,Others,2143.0,2021,Libya,140000,5,6,4,5,0.5,0.6,0.4,0.5,0.51,2021,649.9813189251141,1392.9099664565197
Alexandria,Raw Materials,5728.8,2022,Egypt,200000,8,9,7,8,0.8,0.9,0.7,0.8,0.20999999999999996,2022,636.9535048303978,3648.979238472383
Alexandria,Manufactured Goods,1812.0,2022,Egypt,200000,8,9,7,8,0.8,0.9,0.7,0.8,0.20999999999999996,2022,636.9535048303978,1154.159750752681
Alexandria,Perishables,6038.400000000001,2022,Egypt,200000,8,9,7,8,0.8,0.9,0.7,0.8,0.20999999999999996,2022,636.9535048303978,3846.1800435678747
Alexandria,Machinery,7045.6,2022,Egypt,200000,8,9,7,8,0.8,0.9,0.7,0.8,0.20999999999999996,2022,636.9535048303978,4487.719613633051
Alexandria,Others,5120.0,2022,Egypt,200000,8,9,7,8,0.8,0.9,0.7,0.8,0.20999999999999996,2022,636.9535048303978,3261.201944731637
Damietta,Raw Materials,4201.6,2022,Egypt,180000,7,8,7,7,0.7,0.8,0.7,0.7,0.28,2022,636.9535048303978,2676.2238458954
Damietta,Manufactured Goods,3568.8,2022,Egypt,180000,7,8,7,7,0.7,0.8,0.7,0.7,0.28,2022,636.9535048303978,2273.159668038724
Damietta,Perishables,3361.6000000000004,2022,Egypt,180000,7,8,7,7,0.7,0.8,0.7,0.7,0.28,2022,636.9535048303978,2141.1829018378653
Damietta,Machinery,4135.2,2022,Egypt,180000,7,8,7,7,0.7,0.8,0.7,0.7,0.28,2022,636.9535048303978,2633.930133174661
Damietta,Others,3910.4,2022,Egypt,180000,7,8,7,7,0.7,0.8,0.7,0.7,0.28,2022,636.9535048303978,2490.7429852887876
Port Said,Raw Materials,7967.200000000001,2022,Egypt,220000,9,9,8,9,0.9,0.9,0.8,0.9,0.1299999999999999,2022,636.9535048303978,5074.735963684746
Port Said,Manufactured Goods,2258.4,2022,Egypt,220000,9,9,8,9,0.9,0.9,0.8,0.9,0.1299999999999999,2022,636.9535048303978,1438.4957953089706
Port Said,Perishables,3813.6,2022,Egypt,220000,9,9,8,9,0.9,0.9,0.8,0.9,0.1299999999999999,2022,636.9535048303978,2429.085886021205
Port Said,Machinery,7729.6,2022,Egypt,220000,9,9,8,9,0.9,0.9,0.8,0.9,0.1299999999999999,2022,636.9535048303978,4923.395810937043
Port Said,Others,7728.0,2022,Egypt,220000,9,9,8,9,0.9,0.9,0.8,0.9,0.1299999999999999,2022,636.9535048303978,4922.376685329315
Tripoli,Raw Materials,2504.8,2022,Libya,150000,6,6,4,5,0.6,0.6,0.4,0.5,0.48,2022,636.9535048303978,1595.4411388991805
Tripoli,Manufactured Goods,4124.8,2022,Libya,150000,6,6,4,5,0.6,0.6,0.4,0.5,0.48,2022,636.9535048303978,2627.3058167244253
Tripoli,Perishables,615.2,2022,Libya,150000,6,6,4,5,0.6,0.6,0.4,0.5,0.48,2022,636.9535048303978,391.85379617166075
Tripoli,Machinery,1781.6,2022,Libya,150000,6,6,4,5,0.6,0.6,0.4,0.5,0.48,2022,636.9535048303978,1134.7963642058369
Tripoli,Others,4152.8,2022,Libya,150000,6,6,4,5,0.6,0.6,0.4,0.5,0.48,2022,636.9535048303978,2645.1405148596764
Benghazi,Raw Materials,5528.0,2022,Libya,160000,5,7,5,6,0.5,0.7,0.5,0.6,0.44000000000000006,2022,636.9535048303978,3521.078974702439
Benghazi,Manufactured Goods,3906.4,2022,Libya,160000,5,7,5,6,0.5,0.7,0.5,0.6,0.44000000000000006,2022,636.9535048303978,2488.1951712694663
Benghazi,Perishables,6841.6,2022,Libya,160000,5,7,5,6,0.5,0.7,0.5,0.6,0.44000000000000006,2022,636.9535048303978,4357.781098647651
Benghazi,Machinery,6096.8,2022,Libya,160000,5,7,5,6,0.5,0.7,0.5,0.6,0.44000000000000006,2022,636.9535048303978,3883.37812824997
Benghazi,Others,2120.8,2022,Libya,160000,5,7,5,6,0.5,0.7,0.5,0.6,0.44000000000000006,2022,636.9535048303978,1350.8509930443079
Misurata,Raw Materials,5529.6,2022,Libya,140000,5,6,4,5,0.5,0.6,0.4,0.5,0.51,2022,636.9535048303978,3522.0981003101683
Misurata,Manufactured Goods,7095.200000000001,2022,Libya,140000,5,6,4,5,0.5,0.6,0.4,0.5,0.51,2022,636.9535048303978,4519.312507472639
Misurata,Perishables,7886.400000000001,2022,Libya,140000,5,6,4,5,0.5,0.6,0.4,0.5,0.51,2022,636.9535048303978,5023.27012049445
Misurata,Machinery,4617.6,2022,Libya,140000,5,6,4,5,0.5,0.6,0.4,0.5,0.51,2022,636.9535048303978,2941.196503904845
Misurata,Others,1624.8000000000002,2022,Libya,140000,5,6,4,5,0.5,0.6,0.4,0.5,0.51,2022,636.9535048303978,1034.9220546484305
Alexandria,Raw Materials,8162.0,2023,Egypt,200000,8,9,7,8,0.8,0.9,0.7,0.8,0.20999999999999996,2023,334.21313824735563,2727.8476343749167
Alexandria,Manufactured Goods,1070.0,2023,Egypt,200000,8,9,7,8,0.8,0.9,0.7,0.8,0.20999999999999996,2023,334.21313824735563,357.6080579246705
Alexandria,Perishables,8519.0,2023,Egypt,200000,8,9,7,8,0.8,0.9,0.7,0.8,0.20999999999999996,2023,334.21313824735563,2847.161724729223
Alexandria,Machinery,5852.0,2023,Egypt,200000,8,9,7,8,0.8,0.9,0.7,0.8,0.20999999999999996,2023,334.21313824735563,1955.8152850235251
Alexandria,Others,6169.0,2023,Egypt,200000,8,9,7,8,0.8,0.9,0.7,0.8,0.20999999999999996,2023,334.21313824735563,2061.7608498479367
Damietta,Raw Materials,7018.0,2023,Egypt,180000,7,8,7,7,0.7,0.8,0.7,0.7,0.28,2023,334.21313824735563,2345.5078042199416
Damietta,Manufactured Goods,5529.0,2023,Egypt,180000,7,8,7,7,0.7,0.8,0.7,0.7,0.28,2023,334.21313824735563,1847.8644413696293
Damietta,Perishables,8089.0,2023,Egypt,180000,7,8,7,7,0.7,0.8,0.7,0.7,0.28,2023,334.21313824735563,2703.4500752828594
Damietta,Machinery,2219.0,2023,Egypt,180000,7,8,7,7,0.7,0.8,0.7,0.7,0.28,2023,334.21313824735563,741.6189537708821
Damietta,Others,622.0,2023,Egypt,180000,7,8,7,7,0.7,0.8,0.7,0.7,0.28,2023,334.21313824735563,207.8805719898552
Port Said,Raw Materials,3820.0,2023,Egypt,220000,9,9,8,9,0.9,0.9,0.8,0.9,0.1299999999999999,2023,334.21313824735563,1276.6941881048983
Port Said,Manufactured Goods,880.0,2023,Egypt,220000,9,9,8,9,0.9,0.9,0.8,0.9,0.1299999999999999,2023,334.21313824735563,294.107561657673
Port Said,Perishables,9986.0,2023,Egypt,220000,9,9,8,9,0.9,0.9,0.8,0.9,0.1299999999999999,2023,334.21313824735563,3337.4523985380933
Port Said,Machinery,9951.0,2023,Egypt,220000,9,9,8,9,0.9,0.9,0.8,0.9,0.1299999999999999,2023,334.21313824735563,3325.754938699436
Port Said,Others,4466.0,2023,Egypt,220000,9,9,8,9,0.9,0.9,0.8,0.9,0.1299999999999999,2023,334.21313824735563,1492.5958754126902
Tripoli,Raw Materials,1064.0,2023,Libya,150000,6,6,4,5,0.6,0.6,0.4,0.5,0.48,2023,334.21313824735563,355.6027790951864
Tripoli,Manufactured Goods,7407.0,2023,Libya,150000,6,6,4,5,0.6,0.6,0.4,0.5,0.48,2023,334.21313824735563,2475.5167149981635
Tripoli,Perishables,3497.0,2023,Libya,150000,6,6,4,5,0.6,0.6,0.4,0.5,0.48,2023,334.21313824735563,1168.7433444510025
Tripoli,Machinery,2591.0,2023,Libya,150000,6,6,4,5,0.6,0.6,0.4,0.5,0.48,2023,334.21313824735563,865.9462411988984
Tripoli,Others,7251.0,2023,Libya,150000,6,6,4,5,0.6,0.6,0.4,0.5,0.48,2023,334.21313824735563,2423.3794654315757
Benghazi,Raw Materials,4775.0,2023,Libya,160000,5,7,5,6,0.5,0.7,0.5,0.6,0.44000000000000006,2023,334.21313824735563,1595.867735131123
Benghazi,Manufactured Goods,5448.0,2023,Libya,160000,5,7,5,6,0.5,0.7,0.5,0.6,0.44000000000000006,2023,334.21313824735563,1820.7931771715935
Benghazi,Perishables,8844.0,2023,Libya,160000,5,7,5,6,0.5,0.7,0.5,0.6,0.44000000000000006,2023,334.21313824735563,2955.7809946596135
Benghazi,Machinery,1527.0,2023,Libya,160000,5,7,5,6,0.5,0.7,0.5,0.6,0.44000000000000006,2023,334.21313824735563,510.343462103712
Benghazi,Others,5130.0,2023,Libya,160000,5,7,5,6,0.5,0.7,0.5,0.6,0.44000000000000006,2023,334.21313824735563,1714.5133992089343
Misurata,Raw Materials,1182.0,2023,Libya,140000,5,6,4,5,0.5,0.6,0.4,0.5,0.51,2023,334.21313824735563,395.03992940837435
Misurata,Manufactured Goods,5365.0,2023,Libya,140000,5,6,4,5,0.5,0.6,0.4,0.5,0.51,2023,334.21313824735563,1793.053486697063
Misurata,Perishables,7395.0,2023,Libya,140000,5,6,4,5,0.5,0.6,0.4,0.5,0.51,2023,334.21313824735563,2471.506157339195
Misurata,Machinery,4068.0,2023,Libya,140000,5,6,4,5,0.5,0.6,0.4,0.5,0.51,2023,334.21313824735563,1359.5790463902426
Misurata,Others,7420.0,2023,Libya,140000,5,6,4,5,0.5,0.6,0.4,0.5,0.51,2023,334.21313824735563,2479.8614857953785
